time  round_end_lose   round_end_win  round_ingame.d  round_ingame.d  round_ingame.d  round_ingame.d    round_ingame  round_ingame_b  round_ingame_i     round_start   side_attacker   side_defender
   1          -1.000          -1.000          -1.000          -1.000          -1.000          -1.000          -1.000          -1.000          -1.000          -1.000          -1.000          -1.000
   2          -1.000          -1.000          -1.000          -1.000          -1.000          -1.000          -1.000          -1.000          -1.000          -1.000          -1.000          -1.000
   3          -1.000          -1.000          -1.000          -1.000          -1.000          -1.000          -1.000          -1.000          -1.000          -1.000          -1.000          -1.000
   4          -0.013          -0.052           0.141           0.185           0.159           0.132           0.116          -0.019          -0.124          -0.026           0.088           0.110
   5           0.008          -0.045          -0.097          -0.069          -0.085          -0.102          -0.155          -0.183           0.010          -0.066           0.075           0.119
   6          -1.000          -1.000          -1.000          -1.000          -1.000          -1.000          -1.000          -1.000          -1.000          -1.000          -1.000          -1.000
   7           0.107           0.063          -0.061          -0.030          -0.017          -0.063          -0.064           0.185          -0.016          -0.042           0.093          -0.036
   8          -0.005           0.042           0.193           0.239           0.148           0.242           0.273           0.165          -0.013           0.082           0.149           0.073
   9          -0.095          -0.093           0.055           0.084           0.062           0.067           0.137           0.227          -0.091           0.110           0.043           0.107
  10          -0.037           0.002           0.150           0.093           0.093           0.192           0.061           0.161           0.044          -0.027           0.014          -0.052
  11          -0.083          -0.076          -0.082          -0.108          -0.082          -0.073          -0.129          -0.067          -0.033          -0.098          -0.032           0.021
  12          -0.047          -0.018           0.004           0.021           0.033           0.022           0.129          -0.123           0.151          -0.010          -0.090          -0.007
  13          -0.041          -0.014           0.001           0.015           0.028           0.016           0.134          -0.130           0.150          -0.003          -0.089          -0.005
  14          -0.041          -0.014           0.001           0.016           0.028           0.016           0.135          -0.128           0.151          -0.002          -0.089          -0.005
  15          -0.040          -0.015           0.001           0.014           0.026           0.015           0.134          -0.129           0.152          -0.004          -0.084           0.001
  16          -0.040          -0.015           0.002           0.015           0.027           0.016           0.134          -0.130           0.152          -0.004          -0.085           0.001
  17          -0.041          -0.014           0.000           0.014           0.026           0.016           0.133          -0.129           0.147          -0.003          -0.086          -0.004
  18          -0.040          -0.015          -0.000           0.014           0.026           0.015           0.135          -0.128           0.148          -0.005          -0.083           0.001
  19          -0.041          -0.015           0.001           0.015           0.027           0.016           0.134          -0.129           0.152          -0.004          -0.085          -0.001
  20          -0.041          -0.014           0.001           0.015           0.028           0.017           0.134          -0.128           0.154          -0.002          -0.089          -0.006
  21          -0.040          -0.014           0.000           0.014           0.026           0.015           0.134          -0.129           0.152          -0.003          -0.089          -0.005
  22          -0.040          -0.013           0.002           0.016           0.028           0.017           0.134          -0.129           0.153          -0.003          -0.090          -0.006
  23          -0.040          -0.015           0.001           0.014           0.026           0.015           0.134          -0.128           0.152          -0.004          -0.082           0.004
  24          -0.040          -0.015           0.002           0.015           0.026           0.016           0.133          -0.129           0.149          -0.004          -0.084           0.001
  25          -0.040          -0.014           0.000           0.014           0.026           0.015           0.132          -0.130           0.147          -0.004          -0.084          -0.001
  26          -0.041          -0.015          -0.000           0.014           0.026           0.015           0.135          -0.127           0.147          -0.005          -0.084           0.000
  27          -0.041          -0.015           0.001           0.015           0.027           0.016           0.134          -0.128           0.152          -0.004          -0.085          -0.001
  28          -0.041          -0.014           0.002           0.015           0.027           0.016           0.135          -0.128           0.154          -0.003          -0.088          -0.005
  29          -0.040          -0.013           0.002           0.015           0.027           0.016           0.134          -0.130           0.150          -0.002          -0.090          -0.007
  30          -0.040          -0.014           0.000           0.014           0.026           0.015           0.133          -0.129           0.152          -0.003          -0.089          -0.005
  31          -0.040          -0.016           0.000           0.013           0.026           0.014           0.131          -0.130           0.151          -0.006          -0.078           0.009
  32          -0.040          -0.015           0.001           0.015           0.026           0.016           0.134          -0.129           0.152          -0.004          -0.085           0.000
  33          -0.040          -0.014          -0.000           0.014           0.026           0.014           0.131          -0.129           0.143          -0.004          -0.085          -0.002
  34          -1.000          -1.000          -1.000          -1.000          -1.000          -1.000          -1.000          -1.000          -1.000          -1.000          -1.000          -1.000
  35          -1.000          -1.000          -1.000          -1.000          -1.000          -1.000          -1.000          -1.000          -1.000          -1.000          -1.000          -1.000
  36          -1.000          -1.000          -1.000          -1.000          -1.000          -1.000          -1.000          -1.000          -1.000          -1.000          -1.000          -1.000
  37          -1.000          -1.000          -1.000          -1.000          -1.000          -1.000          -1.000          -1.000          -1.000          -1.000          -1.000          -1.000
  38          -1.000          -1.000          -1.000          -1.000          -1.000          -1.000          -1.000          -1.000          -1.000          -1.000          -1.000          -1.000
  39          -1.000          -1.000          -1.000          -1.000          -1.000          -1.000          -1.000          -1.000          -1.000          -1.000          -1.000          -1.000
  40          -1.000          -1.000          -1.000          -1.000          -1.000          -1.000          -1.000          -1.000          -1.000          -1.000          -1.000          -1.000
  41          -0.003          -0.059          -0.074          -0.006          -0.053          -0.031           0.070           0.156          -0.139           0.002           0.094           0.125
  42          -0.006          -0.042          -0.080          -0.010          -0.057          -0.040           0.070           0.155          -0.143          -0.007          -0.040          -0.113
  43           0.021          -0.030          -0.077          -0.002          -0.048          -0.032           0.078           0.144          -0.137          -0.016          -0.039          -0.110
  44           0.036          -0.019          -0.077          -0.003          -0.048          -0.032           0.077           0.145          -0.137          -0.010          -0.040          -0.109
  45           0.025          -0.023          -0.077          -0.002          -0.048          -0.032           0.077           0.144          -0.137          -0.018          -0.040          -0.109
  46           0.020          -0.029          -0.077          -0.002          -0.048          -0.032           0.076           0.144          -0.137          -0.015          -0.040          -0.109
  47           0.027          -0.025          -0.077          -0.002          -0.048          -0.032           0.076           0.145          -0.137          -0.014          -0.040          -0.109
  48           0.027          -0.025          -0.077          -0.002          -0.048          -0.032           0.076           0.145          -0.137          -0.014          -0.040          -0.109
  49           0.027          -0.025          -0.077          -0.002          -0.048          -0.032           0.077           0.144          -0.137          -0.014          -0.040          -0.109
  50           0.027          -0.025          -0.077          -0.002          -0.048          -0.032           0.077           0.144          -0.137          -0.014          -0.040          -0.109
  51           0.027          -0.025          -0.077          -0.002          -0.048          -0.032           0.077           0.144          -0.137          -0.014          -0.040          -0.109
  52           0.027          -0.025          -0.077          -0.002          -0.048          -0.032           0.077           0.144          -0.137          -0.014          -0.040          -0.109
  53           0.027          -0.025          -0.077          -0.002          -0.048          -0.032           0.077           0.144          -0.137          -0.014          -0.040          -0.109
  54           0.027          -0.025          -0.077          -0.002          -0.048          -0.032           0.077           0.144          -0.137          -0.014          -0.040          -0.109
  55           0.028          -0.023          -0.077          -0.003          -0.048          -0.032           0.076           0.145          -0.137          -0.014          -0.040          -0.109
  56           0.027          -0.025          -0.077          -0.002          -0.048          -0.032           0.077           0.145          -0.137          -0.014          -0.040          -0.109
  57           0.028          -0.023          -0.077          -0.003          -0.048          -0.032           0.076           0.145          -0.137          -0.014          -0.040          -0.109
  58           0.027          -0.025          -0.077          -0.002          -0.048          -0.032           0.076           0.144          -0.137          -0.014          -0.040          -0.109
  59           0.027          -0.025          -0.077          -0.002          -0.048          -0.032           0.076           0.144          -0.137          -0.014          -0.040          -0.109
  60           0.028          -0.023          -0.077          -0.003          -0.048          -0.032           0.076           0.145          -0.137          -0.014          -0.040          -0.109
  61           0.027          -0.025          -0.077          -0.002          -0.048          -0.032           0.076           0.144          -0.137          -0.014          -0.040          -0.109
  62           0.027          -0.025          -0.077          -0.002          -0.048          -0.032           0.077           0.144          -0.137          -0.014          -0.040          -0.109
  63           0.027          -0.025          -0.077          -0.002          -0.048          -0.032           0.077           0.144          -0.137          -0.014          -0.040          -0.109
  64           0.027          -0.025          -0.077          -0.002          -0.048          -0.032           0.077           0.144          -0.137          -0.014          -0.040          -0.109
  65           0.027          -0.025          -0.077          -0.002          -0.048          -0.032           0.077           0.144          -0.137          -0.014          -0.040          -0.109
  66           0.027          -0.025          -0.077          -0.002          -0.048          -0.032           0.077           0.144          -0.137          -0.014          -0.040          -0.109
  67           0.028          -0.023          -0.077          -0.003          -0.048          -0.032           0.076           0.145          -0.137          -0.014          -0.040          -0.109
  68           0.005           0.068           0.328           0.345           0.332           0.386           0.181           0.288           0.502           0.082          -0.129          -0.132
  69           0.058           0.108          -0.050           0.006          -0.067          -0.006          -0.057           0.184           0.000          -0.009           0.021          -0.049
  70           0.060           0.108           0.014           0.073          -0.022           0.064           0.003           0.203           0.091          -0.009           0.021          -0.049
  71           0.058           0.107          -0.020           0.042          -0.052           0.035           0.006           0.185           0.113          -0.007           0.020          -0.050
  72          -0.080          -0.091           0.268           0.423           0.398           0.449           0.360           0.204           0.871           0.007          -0.020          -0.050
  73           0.120           0.160           0.339           0.469           0.427           0.493           0.391           0.300           0.914           0.966           0.945           0.462
  74           0.053           0.097           0.029          -0.049           0.006          -0.020          -0.004           0.075           0.063          -0.027           0.043          -0.044
  75           0.058           0.103          -0.065          -0.073          -0.043          -0.081          -0.066          -0.138           0.125           0.011           0.037          -0.047
  76           0.063           0.107           0.030           0.051           0.035           0.041           0.227          -0.193           0.057           0.016           0.028          -0.051
  77           0.137           0.176           0.347           0.437           0.407           0.476           0.396           0.293           0.777           0.986           0.953           0.464
  78           0.133           0.174           0.463           0.528           0.486           0.558           0.344           0.296           0.810           0.994           0.922           0.488
  79           0.133           0.168           0.326           0.480           0.430           0.491           0.399           0.292           0.914           0.989           0.962           0.472
  80           0.108           0.150           0.366           0.476           0.490           0.518           0.420           0.267           0.891           0.988           0.953           0.457
  81           0.137           0.174           0.582           0.620           0.580           0.646           0.316           0.326           0.912           0.994           0.982           0.506
  82           0.134           0.176           0.365           0.446           0.441           0.503           0.391           0.277           0.919           0.996           0.983           0.490
  83           0.142           0.184           0.322           0.426           0.374           0.448           0.422           0.275           0.918           0.985           0.978           0.502
  84           0.134           0.174           0.330           0.463           0.445           0.513           0.417           0.265           0.912           0.994           0.977           0.485
  85           0.122           0.164           0.373           0.430           0.376           0.420           0.434           0.297           0.909           0.985           0.944           0.440
  86           0.132           0.172           0.363           0.423           0.407           0.469           0.428           0.268           0.918           0.994           0.978           0.511
  87           0.134           0.175           0.332           0.426           0.379           0.440           0.420           0.289           0.889           0.995           0.972           0.503
  88           0.131           0.174           0.427           0.465           0.428           0.507           0.384           0.253           0.919           0.996           0.983           0.489
  89           0.128           0.173           0.294           0.438           0.380           0.448           0.425           0.240           0.912           0.991           0.814           0.376
  90           0.132           0.170           0.368           0.432           0.451           0.466           0.446           0.279           0.919           0.995           0.980           0.486
  91           0.122           0.149           0.545           0.629           0.560           0.621           0.324           0.317           0.913           0.970           0.896           0.462
  92           0.132           0.169           0.361           0.416           0.409           0.476           0.426           0.259           0.913           0.994           0.982           0.502
  93           0.134           0.171           0.593           0.711           0.645           0.725           0.386           0.254           0.912           0.996           0.984           0.490
  94           0.126           0.167           0.611           0.684           0.657           0.723           0.447           0.230           0.906           0.989           0.975           0.489
  95           0.134           0.178           0.571           0.660           0.639           0.621           0.338           0.280           0.911           0.990           0.972           0.478
  96           0.132           0.168           0.622           0.685           0.659           0.729           0.384           0.249           0.915           0.995           0.977           0.485
  97           0.140           0.171           0.579           0.700           0.628           0.699           0.427           0.260           0.915           0.975           0.962           0.467
  98           0.134           0.173           0.714           0.576           0.541           0.615           0.410           0.267           0.919           0.995           0.983           0.491
  99           0.132           0.172           0.588           0.735           0.668           0.699           0.404           0.261           0.920           0.996           0.983           0.487
 100           0.139           0.180           0.582           0.678           0.715           0.701           0.350           0.262           0.904           0.972           0.982           0.511
 101           0.139           0.180           0.334           0.482           0.480           0.464           0.491           0.297           0.902           0.971           0.982           0.509
 102           0.128           0.178           0.595           0.645           0.633           0.732           0.343           0.163           0.842           0.993           0.961           0.491
 103           0.134           0.173           0.362           0.445           0.395           0.468           0.436           0.285           0.919           0.994           0.984           0.506
 104           0.132           0.172           0.339           0.485           0.471           0.536           0.409           0.292           0.919           0.996           0.983           0.481
 105           0.130           0.171           0.410           0.434           0.383           0.413           0.457           0.312           0.921           0.996           0.979           0.476
 106           0.136           0.172           0.382           0.432           0.414           0.476           0.445           0.281           0.918           0.986           0.979           0.482
 107           0.121           0.156           0.374           0.464           0.405           0.478           0.462           0.300           0.917           0.971           0.946           0.471
 108           0.121           0.155           0.442           0.500           0.457           0.537           0.399           0.289           0.918           0.971           0.947           0.477
 109           0.130           0.175           0.374           0.485           0.431           0.493           0.465           0.293           0.920           0.979           0.984           0.491
 110           0.135           0.179           0.404           0.443           0.455           0.471           0.461           0.296           0.918           0.980           0.987           0.496
 111           0.132           0.171           0.603           0.632           0.600           0.676           0.377           0.307           0.919           0.995           0.979           0.478
 112           0.132           0.169           0.380           0.425           0.420           0.484           0.430           0.287           0.919           0.995           0.980           0.473
 113           0.160           0.111           0.986           0.850           0.811           0.863           0.201           0.230           0.919          -0.082           0.114           0.192
 114           0.060           0.051           0.838           0.995           0.920           0.916           0.464           0.221           0.918           0.063           0.089           0.084
 115           0.212           0.212           0.809           0.925           0.948           0.910           0.441           0.172           0.841           0.230          -0.007           0.153
 116          -0.046           0.049           0.380           0.558           0.585           0.514           0.714           0.340           0.757           0.029           0.188           0.200
 117          -0.089          -0.064           0.859           0.930           0.916           0.981           0.399           0.185           0.923           0.063          -0.086          -0.109
 118          -0.037           0.008           0.686           0.760           0.708           0.765           0.228           0.173           0.820          -0.005          -0.022          -0.090
 119           0.022           0.044           0.682           0.729           0.714           0.775           0.209           0.213           0.833           0.028          -0.033          -0.057
 120           0.046           0.116           0.681           0.747           0.697           0.696           0.231           0.180           0.919           0.040          -0.047           0.013
 121           0.026           0.092           0.706           0.739           0.716           0.771           0.211           0.148           0.920           0.034          -0.042           0.014
 122           0.032           0.100           0.687           0.771           0.702           0.762           0.234           0.160           0.920           0.041          -0.025           0.024
 123          -0.002          -0.015           0.774           0.649           0.601           0.667           0.150           0.171           0.896          -0.075           0.024           0.025
 124           0.058           0.014           0.683           0.801           0.742           0.778           0.239           0.201           0.876          -0.023           0.038           0.098
 125           0.085           0.082           0.681           0.751           0.771           0.764           0.248           0.176           0.911          -0.019           0.135           0.126
 126          -0.004          -0.019           0.467           0.619           0.609           0.576           0.655           0.250           0.878          -0.047           0.120           0.200
 127           0.021          -0.000           0.712           0.735           0.731           0.782           0.208           0.159           0.907           0.075           0.143           0.110
 128           0.026           0.079           0.806           0.935           0.869           0.925           0.447           0.208           0.912           0.003          -0.033           0.123
 129          -0.028          -0.011           0.832           0.916           0.886           0.937           0.378           0.215           0.911          -0.017          -0.105          -0.065
 130           0.014           0.065           0.778           0.880           0.865           0.817           0.475           0.225           0.913           0.125          -0.068           0.025
 131          -0.102          -0.083           0.826           0.905           0.875           0.928           0.451           0.152           0.846          -0.011          -0.177          -0.246
 132          -0.017           0.032           0.799           0.929           0.858           0.897           0.466           0.193           0.880           0.056           0.246           0.196
 133          -0.064          -0.039           0.917           0.778           0.731           0.804           0.239           0.229           0.865           0.079           0.039           0.119
 134          -0.021          -0.078           0.782           0.942           0.869           0.880           0.458           0.163           0.896           0.011           0.101           0.168
 135           0.008          -0.044           0.783           0.906           0.946           0.893           0.440           0.245           0.878          -0.024           0.098           0.213
 136           0.028           0.082           0.338           0.534           0.520           0.502           0.698           0.305           0.900           0.045          -0.129          -0.178
 137           0.064           0.113           0.827           0.900           0.887           0.952           0.420           0.194           0.912           0.057           0.104          -0.020
 138           0.007          -0.009           0.746           0.875           0.805           0.867           0.463           0.217           0.874          -0.016           0.095          -0.008
 139           0.022          -0.044           0.762           0.849           0.812           0.864           0.386           0.239           0.837           0.022           0.023           0.058
 140           0.155           0.175           0.718           0.820           0.795           0.765           0.497           0.208           0.914           0.042           0.004          -0.018
 141           0.004          -0.037           0.745           0.830           0.797           0.847           0.382           0.147           0.893          -0.020           0.017           0.079
 142           0.059           0.069           0.742           0.869           0.793           0.842           0.512           0.194           0.910           0.048           0.019           0.009
 143           0.016          -0.065           0.888           0.750           0.713           0.772           0.237           0.224           0.907          -0.065           0.056           0.057
 144           0.050           0.017           0.744           0.900           0.827           0.831           0.480           0.198           0.914          -0.196           0.066           0.068
 145           0.045           0.029           0.726           0.845           0.880           0.838           0.463           0.201           0.920          -0.041          -0.020          -0.005
 146           0.056           0.002           0.331           0.509           0.503           0.482           0.777           0.258           0.921          -0.051           0.152           0.131
 147           0.036           0.027           0.756           0.829           0.819           0.885           0.383           0.193           0.917          -0.051          -0.120          -0.055
 148          -0.034           0.016           0.298           0.503           0.468           0.453           0.945           0.183           0.910          -0.026          -0.121          -0.116
 149          -0.180          -0.186           0.382           0.591           0.549           0.538           0.906           0.198           0.909          -0.051          -0.066          -0.083
 150          -0.200          -0.192           0.301           0.475           0.494           0.477           0.827           0.211           0.921          -0.135           0.116           0.043
 151          -0.061          -0.056           0.326           0.516           0.476           0.475           0.930           0.224           0.898          -0.067          -0.153          -0.183
 152          -0.078          -0.119           0.279           0.485           0.443           0.447           0.958           0.190           0.904           0.022           0.060          -0.012
 153          -0.052          -0.048           0.455           0.562           0.575           0.556           0.796           0.183           0.917           0.042           0.131           0.176
 154           0.108           0.133           0.305           0.507           0.476           0.468           0.940           0.171           0.916          -0.012           0.045           0.108
 155           0.084           0.092           0.302           0.511           0.490           0.488           0.864           0.211           0.901           0.055           0.015           0.085
 156           0.091           0.113           0.382           0.379           0.374           0.374           0.479           0.314           0.899          -0.048          -0.109          -0.165
 157           0.025          -0.033           0.321           0.513           0.478           0.461           0.905           0.206           0.905          -0.031           0.129           0.163
 158           0.028           0.062           0.778           0.907           0.833           0.885           0.447           0.203           0.901           0.038           0.042           0.143
 159           0.082           0.117           0.805           0.899           0.853           0.898           0.362           0.221           0.902           0.018           0.071           0.157
 160           0.057           0.048           0.761           0.856           0.834           0.794           0.465           0.259           0.911           0.044           0.033           0.101
 161           0.034           0.035           0.808           0.880           0.839           0.902           0.455           0.229           0.907           0.044          -0.103          -0.217
 162          -1.000          -1.000           0.787           0.910           0.833           0.877           0.481           0.235           0.911          -1.000          -1.000          -1.000
 163          -0.046          -0.029           0.926           0.791           0.747           0.804           0.171           0.249           0.925          -0.009          -0.004           0.059
 164           0.032           0.026           0.779           0.915           0.856           0.848           0.455           0.179           0.811          -0.057          -0.022           0.091
 165           0.020          -0.029           0.773           0.883           0.903           0.871           0.460           0.234           0.903          -0.111           0.083          -0.058
 166           0.107           0.109           0.343           0.521           0.519           0.493           0.769           0.304           0.920           0.077           0.019          -0.076
 167          -0.007           0.007           0.813           0.883           0.862           0.933           0.408           0.212           0.912           0.068           0.031           0.077
 168          -0.043          -0.031           0.379           0.511           0.463           0.536           0.411           0.290           0.917           0.045          -0.073          -0.185
 169           0.097           0.094           0.393           0.562           0.544           0.613           0.400           0.271           0.915          -0.069           0.126           0.094
 170          -0.016           0.008           0.420           0.497           0.445           0.478           0.425           0.305           0.907           0.072          -0.143          -0.204
 171           0.071           0.049           0.387           0.495           0.478           0.540           0.430           0.251           0.866           0.022          -0.055          -0.063
 172          -0.107          -0.092           0.381           0.514           0.448           0.508           0.439           0.250           0.906          -0.129          -0.021           0.020
 173           0.006           0.050           0.472           0.523           0.501           0.571           0.361           0.218           0.794          -0.186           0.066           0.162
 174           0.272           0.316           0.370           0.532           0.492           0.545           0.433           0.258           0.882           0.362          -0.093          -0.008
 175           0.030          -0.024           0.414           0.490           0.496           0.499           0.422           0.205           0.787          -0.046           0.117           0.194
 176           0.011           0.029           0.570           0.619           0.582           0.623           0.320           0.249           0.820          -0.124           0.054           0.134
 177          -0.045          -0.130           0.407           0.480           0.470           0.538           0.417           0.269           0.906          -0.156          -0.174          -0.161
 178          -0.022          -0.016           0.239           0.428           0.390           0.433           0.325           0.217           0.914           0.112          -0.166          -0.042
 179           0.067           0.046           0.303           0.472           0.453           0.502           0.331           0.214           0.885          -0.034           0.077           0.224
 180           0.033           0.084           0.296           0.449           0.384           0.452           0.340           0.241           0.848           0.069           0.049           0.030
 181           0.051           0.069           0.280           0.438           0.417           0.456           0.379           0.212           0.890          -0.005          -0.082           0.030
 182          -0.006           0.068           0.260           0.453           0.407           0.461           0.345           0.155           0.897           0.027          -0.051          -0.059
 183          -0.048          -0.046           0.418           0.495           0.450           0.525           0.324           0.197           0.902          -0.045          -0.151          -0.136
 184           0.047          -0.007           0.115           0.075           0.079           0.072           0.003           0.933           0.066           0.024          -0.110           0.001
 185           0.029          -0.001           0.122           0.082           0.087           0.080          -0.000           0.936           0.065           0.039           0.007          -0.086
 186           0.018           0.072           0.109           0.070           0.076           0.068          -0.003           0.928           0.074           0.017           0.033           0.075
 187           0.169           0.187           0.116           0.075           0.079           0.073           0.000           0.924           0.077           0.258           0.125           0.141
 188           0.139           0.144           0.135           0.090           0.098           0.087           0.007           0.932           0.048           0.013          -0.129          -0.137
 189           0.051           0.093           0.134           0.085           0.092           0.087           0.022           0.906           0.082           0.140          -0.115          -0.089
 190           0.147           0.164           0.122           0.078           0.085           0.078           0.010           0.925           0.073           0.176          -0.085          -0.020
 191           0.001          -0.065           0.059           0.042           0.049           0.037          -0.055           0.848           0.057          -0.006           0.142           0.155
 192           0.018           0.022           0.100           0.061           0.071           0.057          -0.010           0.933           0.061           0.057           0.001           0.015
 193          -0.012           0.067           0.137           0.094           0.100           0.092           0.012           0.934           0.069          -0.009          -0.044          -0.020
 194          -0.015           0.013           0.127           0.085           0.090           0.083           0.004           0.937           0.069           0.076           0.018           0.111
 195           0.055           0.067           0.125           0.082           0.088           0.080          -0.001           0.936           0.070           0.038          -0.104           0.014
 196           0.054           0.044           0.135           0.094           0.102           0.093          -0.003           0.960           0.047           0.082           0.086           0.144
 197           0.097           0.106           0.124           0.085           0.093           0.080          -0.003           0.953           0.054           0.113           0.069           0.083
 198           0.059           0.015           0.127           0.088           0.095           0.086          -0.000           0.952           0.055          -0.071           0.078           0.205
 199           0.133           0.121           0.124           0.085           0.093           0.082          -0.003           0.952           0.061          -0.064           0.113           0.191
 200          -0.060          -0.105           0.124           0.085           0.092           0.083           0.002           0.945           0.060          -0.025           0.108           0.110
 201          -0.116          -0.164           0.124           0.082           0.091           0.081           0.001           0.943           0.061          -0.136           0.053           0.081
 202          -0.001          -0.005           0.124           0.081           0.088           0.080          -0.000           0.939           0.067           0.128           0.154           0.190
 203           0.064           0.071           0.125           0.084           0.091           0.082           0.003           0.936           0.069          -0.107          -0.023           0.141
 204          -0.041          -0.001           0.124           0.084           0.089           0.082           0.007           0.941           0.065          -0.023           0.062           0.174
 205           0.047           0.106           0.127           0.088           0.094           0.084          -0.000           0.943           0.064           0.174           0.145           0.204
 206           0.048           0.011           0.126           0.086           0.091           0.084          -0.001           0.943           0.062           0.081           0.055           0.087
 207           0.024           0.013           0.124           0.083           0.090           0.082           0.003           0.941           0.067           0.061           0.064           0.161
 208           0.072           0.021           0.125           0.086           0.091           0.083           0.007           0.942           0.067           0.082          -0.034          -0.007
 209           0.046           0.022           0.123           0.081           0.088           0.080           0.001           0.943           0.065          -0.100           0.034           0.139
 210           0.029          -0.002           0.125           0.083           0.091           0.080          -0.015           0.957           0.038          -0.006           0.056           0.106
 211           0.071           0.041           0.125           0.082           0.089           0.082           0.003           0.949           0.055          -0.027           0.081           0.031
 212           0.037           0.009           0.110           0.100           0.089           0.064          -0.070           0.817          -0.013          -0.074           0.026           0.165
 213           0.033           0.080           0.143           0.119           0.110           0.092          -0.021           0.868          -0.022           0.065          -0.008           0.006
 214           0.079           0.100           0.177           0.146           0.146           0.135           0.024           0.910           0.000           0.135           0.102           0.066
 215           0.008          -0.055           0.159           0.133           0.128           0.112          -0.003           0.905           0.031           0.088          -0.048          -0.081
 216          -0.027          -0.035           0.057           0.107           0.102           0.061          -0.088           0.469          -0.088          -0.031           0.072           0.137
 217           0.013          -0.026           0.116           0.072           0.055           0.072           0.011           0.806           0.057           0.072           0.015          -0.102
 218           0.003           0.001           0.137           0.099           0.102           0.095           0.020           0.923           0.069           0.053          -0.018          -0.029
 219           0.003          -0.019           0.136           0.108           0.108           0.115           0.088           0.855           0.081           0.053           0.005          -0.094
 220           0.103           0.089           0.171           0.122           0.123           0.134           0.076           0.526           0.044          -0.032          -0.093          -0.147
 221           0.141           0.114           0.155           0.147           0.170           0.126           0.099           0.662           0.073           0.120          -0.089           0.015
 222          -0.033          -0.062           0.167           0.139           0.135           0.125          -0.002           0.870           0.005          -0.066          -0.006          -0.030
 223          -0.110          -0.106           0.432           0.480           0.412           0.455           0.467           0.320           0.868          -0.049          -0.042           0.152
 224           0.995           0.746           0.408           0.440           0.421           0.486           0.428           0.354           0.732           0.186           0.237           0.248
 225           0.984           0.741           0.403           0.461           0.408           0.454           0.462           0.278           0.759           0.167           0.239           0.302
 226           0.994           0.747           0.444           0.498           0.455           0.532           0.403           0.294           0.876           0.173           0.200           0.175
 227           0.994           0.745           0.377           0.492           0.436           0.501           0.470           0.290           0.909           0.123           0.251           0.259
 228           0.997           0.741           0.375           0.438           0.432           0.474           0.473           0.272           0.898           0.192           0.232           0.211
 229           0.996           0.748           0.607           0.634           0.594           0.678           0.386           0.311           0.911           0.183           0.245           0.246
 230           0.999           0.740           0.377           0.418           0.413           0.476           0.429           0.280           0.931           0.178           0.210           0.230
 231          -0.054           0.007           0.347           0.444           0.395           0.474           0.431           0.280           0.926           0.065          -0.040          -0.069
 232           0.113           0.150           0.324           0.476           0.460           0.531           0.414           0.263           0.926           0.948           0.985           0.491
 233           0.057           0.102          -0.002           0.028          -0.039           0.015          -0.054           0.033           0.033          -0.020           0.142           0.021
 234           0.059           0.102          -0.025           0.020          -0.044          -0.001          -0.050           0.201           0.006          -0.019           0.142           0.020
 235           0.129           0.166           0.346           0.455           0.393           0.470           0.458           0.266           0.913           0.991           0.974           0.490
 236           0.131           0.168           0.419           0.455           0.423           0.499           0.380           0.238           0.921           0.993           0.979           0.482
 237           0.136           0.174           0.342           0.478           0.423           0.492           0.447           0.253           0.893           0.995           0.978           0.510
 238           0.132           0.164           0.362           0.425           0.444           0.458           0.442           0.255           0.927           0.992           0.977           0.480
 239           0.135           0.177           0.562           0.627           0.589           0.607           0.305           0.324           0.925           0.992           0.978           0.509
 240           0.131           0.171           0.381           0.402           0.416           0.453           0.396           0.279           0.935           0.993           0.982           0.504
 241           0.131           0.172           0.594           0.674           0.654           0.691           0.330           0.265           0.932           0.995           0.978           0.507
 242           0.130           0.173           0.605           0.648           0.657           0.702           0.433           0.225           0.928           0.992           0.981           0.512
 243           0.138           0.180           0.567           0.649           0.625           0.616           0.348           0.269           0.915           0.993           0.982           0.517
 244           0.136           0.173           0.618           0.671           0.644           0.712           0.390           0.244           0.812           0.990           0.942           0.529
 245           0.136           0.168           0.598           0.712           0.643           0.709           0.431           0.276           0.889           0.991           0.968           0.501
 246           0.137           0.177           0.703           0.566           0.543           0.613           0.419           0.226           0.906           0.992           0.973           0.517
 247           0.134           0.170           0.593           0.733           0.667           0.701           0.404           0.273           0.919           0.993           0.983           0.485
 248           0.141           0.180           0.583           0.674           0.714           0.684           0.340           0.262           0.878           0.992           0.941           0.518
 249           0.139           0.177           0.347           0.506           0.494           0.475           0.493           0.257           0.871           0.989           0.944           0.497
 250           0.134           0.168           0.625           0.676           0.659           0.744           0.353           0.234           0.892           0.988           0.937           0.497
 251           0.134           0.168           0.386           0.449           0.399           0.468           0.438           0.281           0.896           0.989           0.948           0.489
 252           0.111           0.154           0.339           0.497           0.477           0.548           0.410           0.292           0.925           0.986           0.982           0.512
 253           0.141           0.177           0.424           0.450           0.394           0.436           0.459           0.319           0.898           0.970           0.923           0.438
 254           0.128           0.168           0.389           0.421           0.405           0.465           0.434           0.277           0.926           0.995           0.981           0.482
 255           0.126           0.173           0.372           0.474           0.416           0.488           0.462           0.302           0.911           0.991           0.971           0.490
 256           0.134           0.172           0.445           0.503           0.467           0.539           0.394           0.278           0.925           0.996           0.982           0.493
 257           0.134           0.174           0.359           0.482           0.429           0.489           0.450           0.285           0.927           0.996           0.981           0.491
 258           0.131           0.170           0.393           0.434           0.453           0.465           0.447           0.292           0.930           0.996           0.983           0.492
 259           0.134           0.173           0.601           0.634           0.596           0.667           0.364           0.309           0.937           0.996           0.982           0.487
 260           0.129           0.169           0.380           0.414           0.409           0.477           0.416           0.302           0.891           0.996           0.979           0.489
 261           0.134           0.174           0.984           0.845           0.811           0.855           0.174           0.242           0.930           0.996           0.983           0.493
 262           0.008          -0.033           0.824           0.974           0.898           0.916           0.447           0.243           0.848          -0.024           0.066          -0.000
 263           0.016          -0.007           0.824           0.940           0.962           0.925           0.442           0.213           0.911           0.067           0.111           0.051
 264          -0.005          -0.024           0.358           0.541           0.547           0.515           0.665           0.323           0.865           0.058          -0.047          -0.141
 265           0.088           0.066           0.868           0.932           0.915           0.983           0.425           0.232           0.888           0.169           0.102          -0.079
 266           0.117           0.131           0.672           0.758           0.696           0.762           0.213           0.168           0.919           0.063          -0.096          -0.012
 267           0.154           0.136           0.656           0.707           0.690           0.722           0.196           0.109           0.876           0.131           0.044           0.076
 268           0.025          -0.009           0.691           0.758           0.709           0.706           0.238           0.196           0.895           0.004           0.193           0.222
 269          -0.092          -0.114           0.679           0.700           0.705           0.726           0.188           0.197           0.684           0.039           0.089           0.157
 270           0.021           0.031           0.689           0.764           0.708           0.754           0.234           0.150           0.897          -0.018          -0.049          -0.142
 271           0.109           0.155           0.727           0.647           0.596           0.648           0.185           0.148           0.880          -0.081           0.228           0.316
 272           0.050           0.044           0.645           0.752           0.714           0.732           0.219           0.217           0.700           0.109           0.312           0.200
 273           0.032           0.045           0.555           0.601           0.661           0.604           0.082           0.182           0.688          -0.044           0.016          -0.074
 274           0.198           0.215           0.383           0.512           0.550           0.467           0.588           0.251           0.831          -0.012           0.192           0.227
 275           0.132           0.112           0.655           0.649           0.682           0.704           0.165           0.125           0.845          -0.125           0.058           0.113
 276           0.201           0.218           0.776           0.902           0.826           0.895           0.450           0.168           0.899          -0.080          -0.168           0.055
 277           0.128           0.160           0.831           0.913           0.885           0.937           0.375           0.202           0.915           0.145          -0.010          -0.161
 278           0.031          -0.009           0.769           0.874           0.853           0.811           0.470           0.198           0.899           0.210          -0.027          -0.032
 279           0.195           0.240           0.828           0.900           0.869           0.927           0.466           0.200           0.904           0.278           0.024           0.022
 280           0.031           0.013           0.784           0.915           0.825           0.885           0.494           0.209           0.903          -0.092          -0.101           0.043
 281           0.059           0.060           0.949           0.806           0.775           0.832           0.248           0.189           0.924          -0.015          -0.110          -0.080
 282           0.048           0.035           0.791           0.948           0.868           0.888           0.474           0.195           0.909          -0.046           0.011           0.150
 283           0.057           0.056           0.794           0.903           0.939           0.898           0.468           0.206           0.904           0.132           0.078           0.071
 284           0.053           0.126           0.385           0.565           0.562           0.538           0.748           0.301           0.892           0.087           0.055           0.183
 285          -0.052          -0.079           0.826           0.892           0.883           0.960           0.424           0.207           0.886          -0.098          -0.106          -0.089
 286           0.053          -0.025           0.747           0.873           0.803           0.865           0.480           0.127           0.707          -0.016           0.089           0.127
 287           0.035          -0.014           0.717           0.794           0.769           0.778           0.329           0.238           0.856           0.078          -0.011           0.059
 288          -0.043          -0.017           0.710           0.811           0.800           0.746           0.467           0.218           0.918          -0.061           0.040           0.030
 289           0.021          -0.050           0.770           0.845           0.812           0.867           0.461           0.199           0.915          -0.031           0.046           0.068
 290           0.003          -0.056           0.746           0.868           0.791           0.842           0.522           0.202           0.899          -0.082           0.139           0.121
 291          -0.002          -0.062           0.869           0.722           0.678           0.756           0.255           0.249           0.868          -0.086           0.080          -0.019
 292           0.067           0.045           0.757           0.893           0.826           0.823           0.491           0.236           0.826           0.059          -0.042          -0.120
 293          -0.105          -0.054           0.726           0.839           0.861           0.829           0.468           0.269           0.784          -0.008          -0.065           0.047
 294           0.208           0.259           0.346           0.523           0.512           0.495           0.762           0.305           0.834          -0.055           0.031           0.168
 295          -0.033           0.016           0.711           0.778           0.754           0.858           0.428           0.153           0.831           0.033          -0.113          -0.114
 296           0.019           0.022           0.314           0.508           0.474           0.467           0.939           0.205           0.886          -0.033          -0.004           0.115
 297          -0.120          -0.142           0.372           0.590           0.544           0.531           0.913           0.193           0.910           0.057           0.085           0.192
 298           0.001          -0.017           0.313           0.482           0.499           0.487           0.832           0.208           0.917          -0.053          -0.041          -0.013
 299           0.095           0.094           0.310           0.511           0.473           0.467           0.949           0.200           0.922           0.046           0.135           0.064
 300           0.090           0.072           0.298           0.507           0.477           0.470           0.974           0.211           0.921           0.015          -0.078           0.058
 301           0.058           0.086           0.413           0.500           0.492           0.497           0.750           0.148           0.888           0.046           0.207           0.199
 302          -0.032          -0.100           0.313           0.511           0.479           0.473           0.938           0.208           0.914          -0.098           0.108           0.024
 303          -0.057          -0.036           0.302           0.512           0.479           0.479           0.858           0.202           0.913          -0.035          -0.167          -0.131
 304          -0.025           0.025           0.355           0.335           0.343           0.341           0.472           0.301           0.849           0.028          -0.148          -0.169
 305          -0.031           0.033           0.291           0.460           0.434           0.411           0.874           0.193           0.845           0.044          -0.132          -0.175
 306          -0.081          -0.105           0.789           0.909           0.843           0.899           0.446           0.219           0.909           0.013           0.014           0.008
 307          -0.002          -0.013           0.816           0.901           0.861           0.903           0.378           0.245           0.886           0.091           0.117           0.089
 308           0.096           0.124           0.749           0.839           0.828           0.783           0.472           0.135           0.735           0.062          -0.034           0.024
 309           0.030          -0.036           0.775           0.867           0.808           0.889           0.424           0.276           0.908           0.047           0.144           0.138
 310           0.004           0.021           0.784           0.907           0.829           0.876           0.492           0.225           0.907           0.103           0.260           0.092
 311           0.081           0.015           0.906           0.779           0.745           0.786           0.158           0.288           0.810          -0.045           0.037           0.062
 312           0.031           0.009           0.766           0.917           0.839           0.854           0.452           0.278           0.821           0.063          -0.082          -0.167
 313           0.051           0.010           0.718           0.831           0.867           0.824           0.395           0.342           0.704           0.074          -0.116          -0.141
 314          -0.070          -0.012           0.375           0.410           0.367           0.394           0.428           0.274           0.852          -0.004          -0.081          -0.104
 315           0.995           0.734           0.353           0.410           0.402           0.465           0.421           0.246           0.851           0.180           0.119           0.147
 316           0.995           0.734           0.331           0.438           0.388           0.459           0.439           0.257           0.852           0.181           0.121           0.147
 317           0.995           0.734           0.429           0.467           0.435           0.515           0.372           0.248           0.851           0.181           0.021           0.161
 318           0.995           0.734           0.323           0.452           0.409           0.467           0.431           0.256           0.852           0.180           0.119           0.146
 319           0.995           0.734           0.352           0.402           0.435           0.442           0.424           0.260           0.852           0.180           0.118           0.143
 320           0.995           0.735           0.570           0.592           0.564           0.641           0.344           0.284           0.852           0.181           0.121           0.147
 321           0.995           0.734           0.341           0.391           0.398           0.464           0.407           0.245           0.852           0.180           0.120           0.146
 322          -0.050           0.027           0.383           0.421           0.413           0.478           0.435           0.284           0.928           0.074          -0.013          -0.056
 323           0.124           0.162           0.343           0.444           0.392           0.471           0.429           0.262           0.923           0.282           0.975           0.502
 324           0.058           0.101          -0.036           0.074           0.037           0.038           0.067           0.160          -0.190          -0.008           0.079          -0.026
 325           0.058           0.102          -0.115           0.014          -0.023          -0.060           0.072           0.110          -0.208          -0.019           0.140           0.018
 326           0.058           0.101           0.129           0.203           0.118           0.183           0.188           0.257          -0.026          -0.019           0.139           0.018
 327           0.058           0.102           0.001           0.067           0.017           0.029           0.010           0.186          -0.214          -0.019           0.140           0.018
 328           0.058           0.102           0.106           0.131           0.069           0.113           0.059           0.103          -0.159          -0.020           0.139           0.017
 329           0.058           0.102          -0.018           0.067           0.022           0.027           0.047           0.119          -0.144          -0.019           0.141           0.018
 330           0.059           0.102           0.099           0.128           0.100           0.115           0.048           0.191           0.058          -0.020           0.144           0.019
 331           0.135           0.173           0.353           0.432           0.401           0.492           0.419           0.251           0.830           0.996           0.979           0.484
 332           0.064           0.026          -0.050           0.006           0.072          -0.027           0.065           0.076           0.020          -0.008           0.021           0.084
 333          -0.363          -0.399           0.052           0.129           0.055           0.097          -0.014           0.082          -0.131          -0.029           0.105           0.173
 334          -0.334          -0.376           0.048           0.115           0.053           0.079          -0.051           0.096          -0.173          -0.100           0.107           0.172
 335          -0.220          -0.277          -0.004           0.054          -0.010           0.023           0.003           0.085          -0.159          -0.330           0.104           0.171
 336          -0.223          -0.275           0.048           0.115           0.053           0.079          -0.051           0.096          -0.173          -0.348           0.105           0.172
 337           0.138           0.176           0.710           0.587           0.549           0.627           0.420           0.275           0.914           0.995           0.981           0.493
 338           0.115           0.153           0.593           0.738           0.668           0.703           0.411           0.266           0.926           0.984           0.983           0.492
 339           0.142           0.163           0.579           0.682           0.717           0.699           0.347           0.265           0.926           0.776           0.762           0.383
 340           0.139           0.161           0.341           0.493           0.489           0.471           0.501           0.301           0.925           0.777           0.763           0.382
 341           0.111           0.148           0.340           0.491           0.487           0.469           0.498           0.301           0.927           0.984           0.983           0.488
 342           0.134           0.180           0.365           0.446           0.395           0.477           0.427           0.292           0.924           0.992           0.957           0.500
 343           0.130           0.170           0.350           0.503           0.483           0.552           0.427           0.287           0.918           0.993           0.975           0.507
 344           0.149           0.195           0.348           0.508           0.491           0.558           0.424           0.259           0.926           0.974           0.898           0.436
 345           0.122           0.160           0.407           0.454           0.432           0.498           0.455           0.284           0.919           0.985           0.982           0.502
 346           0.128           0.165           0.373           0.469           0.411           0.485           0.466           0.285           0.934           0.994           0.983           0.488
 347           0.112           0.157           0.433           0.490           0.452           0.529           0.404           0.280           0.921           0.976           0.933           0.461
 348           0.133           0.170           0.437           0.503           0.459           0.534           0.392           0.277           0.933           0.994           0.971           0.472
 349           0.132           0.171           0.386           0.434           0.446           0.458           0.454           0.293           0.929           0.994           0.977           0.492
 350           0.138           0.176           0.596           0.629           0.592           0.665           0.373           0.310           0.927           0.996           0.982           0.490
 351           0.139           0.177           0.384           0.410           0.402           0.467           0.435           0.262           0.925           0.995           0.978           0.486
 352           0.139           0.181           0.399           0.435           0.420           0.480           0.456           0.265           0.868           0.995           0.978           0.509
 353           0.183           0.203           0.978           0.833           0.817           0.853           0.177           0.211           0.929           0.178           0.052           0.156
 354           0.084           0.041           0.837           0.984           0.922           0.905           0.449           0.224           0.925           0.000           0.103           0.149
 355          -0.033          -0.016           0.811           0.920           0.951           0.899           0.421           0.197           0.873           0.082          -0.011           0.069
 356           0.007           0.067           0.383           0.572           0.569           0.541           0.722           0.245           0.925           0.069          -0.092          -0.177
 357           0.034           0.007           0.783           0.833           0.834           0.918           0.354           0.115           0.660           0.007          -0.148          -0.162
 358           0.127           0.070           0.669           0.753           0.693           0.760           0.225           0.150           0.902          -0.038           0.034          -0.019
 359           0.029          -0.040           0.646           0.690           0.688           0.734           0.180           0.151           0.812          -0.033           0.069           0.071
 360           0.043           0.038           0.602           0.663           0.604           0.634           0.250           0.118           0.858          -0.074          -0.164          -0.164
 361          -0.001          -0.042           0.720           0.749           0.724           0.782           0.250           0.154           0.906          -0.023           0.081           0.128
 362           0.066           0.080           0.690           0.773           0.706           0.766           0.252           0.159           0.903           0.018          -0.001           0.134
 363           0.001          -0.086           0.759           0.611           0.566           0.628           0.142           0.145           0.936           0.014          -0.006          -0.036
 364          -0.078          -0.069           0.662           0.789           0.728           0.768           0.213           0.151           0.933          -0.043          -0.091          -0.160
 365           0.074           0.063           0.674           0.745           0.763           0.754           0.239           0.130           0.913           0.105          -0.005           0.024
 366           0.129           0.100           0.443           0.589           0.588           0.551           0.653           0.166           0.875           0.009          -0.082          -0.002
 367           0.046           0.048           0.701           0.719           0.712           0.778           0.208           0.141           0.908           0.048          -0.029           0.004
 368          -0.073          -0.050           0.797           0.921           0.865           0.907           0.428           0.188           0.924           0.011          -0.125          -0.176
 369          -0.007           0.017           0.830           0.911           0.885           0.937           0.370           0.203           0.918          -0.061          -0.031          -0.171
 370           0.030          -0.021           0.777           0.878           0.864           0.815           0.461           0.227           0.920          -0.046          -0.090          -0.104
 371          -0.023           0.021           0.806           0.928           0.858           0.903           0.493           0.201           0.906           0.092           0.076           0.045
 372           0.112           0.104           0.803           0.927           0.857           0.899           0.481           0.233           0.871           0.186           0.090           0.018
 373          -0.071          -0.066           0.797           0.953           0.882           0.890           0.467           0.224           0.884          -0.169          -0.137          -0.142
 374           0.087           0.131           0.803           0.957           0.890           0.885           0.460           0.180           0.920          -0.046           0.155           0.251
 375           0.006          -0.067           0.371           0.557           0.564           0.530           0.743           0.310           0.823          -0.050           0.104           0.021
 376           0.058           0.111           0.830           0.896           0.883           0.955           0.429           0.191           0.918          -0.008          -0.055          -0.135
 377           0.017           0.039           0.824           0.895           0.883           0.950           0.406           0.208           0.899          -0.074          -0.093          -0.194
 378          -0.056          -0.001           0.729           0.817           0.798           0.846           0.373           0.202           0.832           0.007          -0.078          -0.142
 379           0.043          -0.009           0.194           0.174           0.176           0.180           0.010           0.808          -0.057           0.075          -0.006          -0.073
 380           0.026          -0.002           0.042          -0.020           0.035          -0.049          -0.050           0.692          -0.011           0.051           0.086           0.082
 381           0.049           0.113           0.146           0.109           0.112           0.096           0.001           0.832          -0.030           0.028          -0.048          -0.151
 382           0.030          -0.016           0.157           0.129           0.165           0.097           0.016           0.779          -0.034          -0.021          -0.023          -0.059
 383          -0.047          -0.054           0.042           0.046           0.035           0.044          -0.031           0.634           0.117          -0.127          -0.077          -0.080
 384          -0.020           0.062           0.101           0.078           0.132           0.068          -0.040           0.722           0.013           0.029          -0.121          -0.136
 385          -0.010           0.066           0.098           0.013           0.035           0.014           0.072           0.597           0.040           0.035          -0.127          -0.147
 386           0.001          -0.038           0.124           0.089           0.093           0.083          -0.007           0.929           0.041          -0.099          -0.018          -0.015
 387          -0.030          -0.061           0.129           0.091           0.093           0.077          -0.047           0.898           0.019          -0.087          -0.075          -0.100
 388           0.111           0.128           0.226           0.244           0.182           0.228           0.164           0.592          -0.013           0.123          -0.092          -0.163
 389           0.056          -0.013           0.161           0.136           0.170           0.136           0.064           0.609           0.020           0.035           0.086           0.140
 390           0.058           0.065           0.150           0.100           0.110           0.094          -0.005           0.875           0.037          -0.123           0.051           0.097
 391           0.071           0.056           0.156           0.136           0.138           0.115          -0.022           0.820          -0.032           0.006           0.162           0.174
 392          -0.146          -0.150           0.136           0.104           0.107           0.096           0.007           0.936           0.070          -0.129          -0.095          -0.150
 393          -0.013           0.054           0.153           0.113           0.112           0.111           0.010           0.928           0.049           0.003          -0.088          -0.119
 394           0.084           0.103           0.107           0.063           0.072           0.045          -0.043           0.918           0.015           0.051           0.031           0.034
 395          -0.072          -0.019           0.175           0.167           0.143           0.139           0.036           0.793          -0.041          -0.075           0.048           0.036
 396           0.051           0.085           0.120           0.150           0.121           0.099           0.093           0.481          -0.027           0.032          -0.089           0.032
 397           0.119           0.049           0.130           0.095           0.099           0.088          -0.009           0.954           0.041          -0.074           0.097           0.135
 398           0.096           0.081           0.136           0.100           0.102           0.090          -0.001           0.948           0.043          -0.039           0.017           0.094
 399          -0.029          -0.002           0.126           0.100           0.096           0.103           0.043           0.827          -0.030          -0.017          -0.049          -0.139
 400           0.057          -0.015           0.130           0.097           0.097           0.090           0.006           0.952           0.054           0.036          -0.014          -0.030
 401           0.042          -0.015           0.133           0.095           0.102           0.089          -0.005           0.953           0.048          -0.015           0.068           0.134
 402           0.010          -0.051           0.124           0.102           0.106           0.078          -0.058           0.784           0.012          -0.048           0.123           0.226
 403           0.078           0.107           0.195           0.165           0.160           0.153           0.092           0.722           0.037           0.110           0.117           0.035
 404           0.740           0.989           0.189           0.164           0.174           0.159          -0.004           0.660          -0.021           0.183           0.120           0.162
 405           0.748           0.987           0.137           0.104           0.109           0.094          -0.027           0.939           0.061           0.182           0.174           0.211
 406           0.753           0.987           0.138           0.099           0.106           0.095           0.000           0.952           0.043           0.186           0.211           0.231
 407           0.751           0.987           0.154           0.119           0.125           0.116          -0.013           0.905           0.042           0.180           0.222           0.221
 408           0.750           0.991           0.130           0.093           0.100           0.087          -0.001           0.946           0.056           0.187           0.215           0.221
 409           0.752           0.988           0.137           0.097           0.101           0.092          -0.010           0.951           0.043           0.180           0.210           0.224
 410           0.420           0.584           0.125           0.086           0.097           0.081          -0.017           0.963           0.042           0.047          -0.089           0.003
 411           0.043           0.055           0.335           0.439           0.387           0.467           0.425           0.276           0.925           0.060           0.022          -0.029
 412           0.058           0.101          -0.031           0.009          -0.039          -0.011          -0.099           0.192          -0.156          -0.009           0.148           0.022
 413           0.059           0.103          -0.056           0.005          -0.060          -0.014          -0.031           0.165          -0.124          -0.009           0.147           0.022
 414           0.058           0.102          -0.044           0.013          -0.065          -0.043          -0.014          -0.021          -0.058           0.002           0.144           0.019
 415           0.057           0.101           0.056           0.062           0.017           0.047           0.011          -0.074           0.100           0.002           0.144           0.018
 416           0.109           0.146           0.432           0.474           0.432           0.515           0.395           0.257           0.924           0.943           0.985           0.493
 417           0.058           0.102          -0.024           0.046          -0.059           0.028          -0.025           0.164           0.054           0.001           0.147           0.021
 418           0.057           0.101          -0.020          -0.001          -0.082          -0.011          -0.035           0.068          -0.044          -0.009           0.144           0.018
 419           0.058           0.103          -0.046          -0.024          -0.111          -0.025           0.027           0.083           0.079          -0.019           0.142           0.019
 420           0.058           0.102           0.000           0.053          -0.048           0.041          -0.069           0.159          -0.005          -0.019           0.141           0.018
 421           0.058           0.102          -0.019           0.016          -0.074           0.003           0.058           0.121           0.033          -0.019           0.141           0.019
 422           0.058           0.103          -0.019           0.026          -0.068           0.027          -0.017           0.145           0.123          -0.019           0.143           0.019
 423           0.057           0.101          -0.074          -0.034          -0.115          -0.047          -0.080           0.167          -0.077          -0.020           0.143           0.021
 424           0.131           0.170           0.620           0.679           0.653           0.727           0.389           0.259           0.924           0.996           0.986           0.493
 425           0.133           0.172           0.602           0.700           0.631           0.702           0.429           0.235           0.913           0.997           0.918           0.431
 426           0.133           0.172           0.719           0.579           0.545           0.617           0.393           0.267           0.921           0.996           0.977           0.493
 427           0.057           0.103           0.023           0.011           0.005          -0.016          -0.154          -0.129          -0.048          -0.021           0.149           0.025
 428           0.058           0.103           0.033           0.008          -0.001          -0.015          -0.172          -0.156          -0.026          -0.021           0.148           0.025
 429           0.057           0.103           0.038           0.021           0.013           0.002          -0.154          -0.141          -0.029          -0.021           0.148           0.026
 430           0.119           0.163           0.614           0.663           0.646           0.746           0.368           0.190           0.903           0.980           0.981           0.514
 431           0.125           0.170           0.383           0.456           0.404           0.491           0.451           0.300           0.874           0.980           0.982           0.518
 432           0.123           0.166           0.354           0.498           0.481           0.549           0.423           0.282           0.917           0.978           0.983           0.506
 433           0.130           0.172           0.389           0.420           0.355           0.408           0.458           0.300           0.842           0.994           0.841           0.420
 434           0.132           0.172           0.425           0.452           0.432           0.491           0.471           0.271           0.893           0.990           0.960           0.495
 435           0.114           0.158           0.381           0.479           0.411           0.486           0.484           0.182           0.817           0.983           0.938           0.446
 436           0.125           0.167           0.454           0.491           0.472           0.537           0.397           0.274           0.920           0.991           0.935           0.465
 437           0.135           0.172           0.365           0.425           0.399           0.441           0.444           0.295           0.885           0.995           0.940           0.467
 438           0.148           0.176           0.363           0.414           0.439           0.440           0.429           0.287           0.932           0.970           0.910           0.439
 439           0.130           0.168           0.596           0.627           0.590           0.665           0.363           0.318           0.930           0.995           0.977           0.488
 440           0.130           0.169           0.372           0.410           0.409           0.471           0.413           0.296           0.916           0.995           0.980           0.485
 441           0.133           0.168           0.981           0.833           0.809           0.851           0.162           0.229           0.924           0.985           0.921           0.450
 442          -0.074          -0.068           0.821           0.978           0.892           0.906           0.472           0.171           0.860          -0.070          -0.015          -0.006
 443           0.127           0.059           0.815           0.911           0.959           0.901           0.454           0.203           0.899          -0.050          -0.151          -0.085
 444           0.003          -0.100           0.389           0.587           0.591           0.558           0.740           0.254           0.921          -0.099           0.191           0.122
 445           0.029          -0.016           0.862           0.921           0.923           0.960           0.407           0.178           0.903          -0.026           0.031           0.082
 446          -0.019           0.035           0.665           0.756           0.688           0.760           0.201           0.149           0.907           0.101          -0.061           0.060
 447          -0.035          -0.016           0.682           0.727           0.707           0.775           0.205           0.160           0.908           0.050          -0.100          -0.031
 448           0.020          -0.023           0.674           0.739           0.692           0.695           0.235           0.197           0.917          -0.014           0.037           0.153
 449          -0.051          -0.112           0.701           0.736           0.719           0.770           0.201           0.132           0.915          -0.024           0.101           0.166
 450           0.076           0.069           0.682           0.778           0.704           0.765           0.241           0.155           0.926           0.056          -0.058           0.095
 451          -0.024           0.054           0.755           0.608           0.560           0.628           0.153           0.118           0.942           0.012          -0.063          -0.076
 452          -0.019           0.060           0.658           0.782           0.718           0.760           0.214           0.117           0.939           0.020          -0.063          -0.079
 453          -0.002          -0.063           0.654           0.724           0.738           0.708           0.201           0.211           0.675           0.036           0.100           0.069
 454           0.018          -0.048           0.415           0.597           0.591           0.541           0.648           0.148           0.715          -0.036           0.140           0.137
 455          -0.000          -0.004           0.691           0.720           0.714           0.773           0.179           0.145           0.934           0.083          -0.065          -0.027
 456          -1.000          -1.000           0.797           0.933           0.865           0.913           0.412           0.211           0.934          -1.000          -0.066          -0.169
 457          -0.080          -0.100           0.807           0.893           0.863           0.921           0.336           0.171           0.903          -0.065          -0.173          -0.218
 458           0.019          -0.011           0.762           0.864           0.850           0.802           0.469           0.210           0.909           0.033          -0.069          -0.118
 459          -0.065          -0.036           0.818           0.898           0.865           0.926           0.427           0.241           0.903           0.106          -0.172          -0.209
 460          -0.067          -0.043           0.801           0.928           0.856           0.902           0.475           0.197           0.917           0.005          -0.014           0.174
 461           0.015           0.037           0.953           0.815           0.784           0.835           0.230           0.218           0.917           0.057          -0.102          -0.257
 462           0.002           0.017           0.807           0.961           0.889           0.894           0.468           0.207           0.920           0.067          -0.081          -0.188
 463           0.168           0.157           0.790           0.902           0.940           0.897           0.463           0.199           0.911           0.129          -0.002          -0.022
 464           0.017           0.028           0.389           0.567           0.565           0.540           0.749           0.294           0.910           0.094           0.056          -0.134
 465          -0.023          -0.053           0.830           0.896           0.885           0.953           0.432           0.203           0.912          -0.086           0.097           0.199
 466          -0.112          -0.152           0.749           0.873           0.803           0.868           0.475           0.194           0.910          -0.169           0.032           0.075
 467           0.057           0.050           0.772           0.859           0.821           0.881           0.398           0.201           0.911          -0.060          -0.061           0.031
 468           0.008           0.029           0.690           0.796           0.767           0.739           0.497           0.207           0.910          -0.041          -0.136          -0.186
 469           0.034           0.021           0.765           0.845           0.810           0.869           0.457           0.197           0.921           0.212          -0.091          -0.037
 470          -0.053          -0.004           0.701           0.845           0.756           0.824           0.474           0.201           0.860           0.047          -0.040          -0.089
 471           0.018           0.058           0.888           0.752           0.714           0.778           0.249           0.220           0.913          -0.058           0.024          -0.024
 472          -0.029          -0.013           0.744           0.895           0.820           0.835           0.502           0.177           0.925          -0.101          -0.005           0.045
 473           0.077           0.063           0.714           0.836           0.877           0.825           0.425           0.203           0.933          -0.074          -0.134          -0.095
 474          -0.010           0.038           0.328           0.508           0.497           0.483           0.733           0.167           0.884          -0.025           0.054           0.060
 475          -0.034          -0.033           0.763           0.837           0.821           0.895           0.430           0.181           0.922          -0.084           0.128           0.100
 476           0.068           0.055           0.296           0.503           0.472           0.456           0.950           0.192           0.927          -0.085           0.098           0.082
 477           0.094           0.032           0.382           0.599           0.556           0.538           0.906           0.230           0.835           0.019           0.019          -0.040
 478          -0.050          -0.009           0.306           0.480           0.494           0.485           0.827           0.193           0.894           0.092          -0.032          -0.165
 479           0.045           0.051           0.314           0.525           0.470           0.473           0.929           0.206           0.860          -0.006          -0.091          -0.001
 480           0.001           0.001           0.278           0.502           0.467           0.451           0.912           0.122           0.796           0.143          -0.045           0.019
 481          -0.117          -0.109           0.445           0.559           0.574           0.546           0.786           0.195           0.929           0.044           0.052          -0.060
 482          -0.042           0.011           0.313           0.511           0.479           0.472           0.941           0.193           0.927          -0.045          -0.108          -0.129
 483           0.073           0.089           0.290           0.503           0.488           0.474           0.869           0.194           0.915          -0.103           0.173           0.182
 484           0.078           0.111           0.386           0.379           0.374           0.372           0.492           0.316           0.927           0.135          -0.008          -0.080
 485           0.118           0.095           0.305           0.502           0.469           0.447           0.911           0.210           0.930           0.045          -0.093          -0.043
 486          -0.063          -0.051           0.789           0.907           0.841           0.895           0.441           0.273           0.852           0.235           0.131          -0.008
 487          -0.021          -0.038           0.803           0.893           0.858           0.906           0.317           0.246           0.931          -0.058           0.001           0.054
 488          -0.017           0.005           0.755           0.852           0.826           0.790           0.476           0.241           0.915          -0.006          -0.108          -0.017
 489           0.053           0.075           0.800           0.880           0.843           0.893           0.400           0.231           0.933           0.030           0.045          -0.127
 490          -0.025          -0.002           0.766           0.900           0.821           0.851           0.418           0.230           0.936          -0.125          -0.022          -0.115
 491           0.090           0.096           0.928           0.790           0.750           0.808           0.182           0.242           0.929           0.138          -0.108          -0.193
 492          -0.020           0.007           0.774           0.933           0.858           0.848           0.423           0.238           0.931           0.070          -0.007          -0.065
 493          -0.041          -0.017           0.764           0.883           0.914           0.863           0.408           0.245           0.935           0.067           0.156           0.020
 494           0.008           0.052           0.334           0.527           0.509           0.489           0.781           0.249           0.846           0.100          -0.082           0.005
 495          -0.031          -0.014           0.814           0.885           0.863           0.931           0.417           0.228           0.909          -0.004          -0.073          -0.032
 496           0.032          -0.015           0.386           0.489           0.445           0.495           0.394           0.246           0.825          -0.063           0.107           0.196
 497           0.022           0.000           0.395           0.562           0.544           0.610           0.406           0.265           0.910           0.045           0.113           0.147
 498          -0.004          -0.028           0.440           0.510           0.454           0.491           0.441           0.291           0.866          -0.047           0.125          -0.021
 499           0.066           0.062           0.416           0.501           0.481           0.544           0.432           0.278           0.912           0.044           0.028          -0.114
 500           0.030           0.043           0.375           0.517           0.465           0.531           0.435           0.276           0.937           0.064           0.074           0.066
 501           0.056           0.089           0.506           0.567           0.526           0.603           0.387           0.268           0.909           0.006          -0.054          -0.154
 502          -0.048          -0.070           0.388           0.526           0.480           0.532           0.426           0.271           0.890          -0.046           0.032           0.096
 503           0.018           0.037           0.426           0.512           0.521           0.543           0.442           0.299           0.907           0.063          -0.149          -0.125
 504           0.084           0.035           0.567           0.617           0.585           0.618           0.307           0.329           0.928           0.074          -0.006          -0.123
 505          -0.007          -0.028           0.386           0.493           0.488           0.550           0.396           0.269           0.887           0.004           0.112           0.146
 506           0.012           0.063           0.254           0.440           0.398           0.449           0.328           0.181           0.912          -0.021           0.063           0.126
 507          -0.111          -0.157           0.326           0.495           0.467           0.523           0.346           0.229           0.884          -0.111           0.058          -0.138
 508          -0.080          -0.054           0.245           0.403           0.342           0.407           0.308           0.218           0.896          -0.002           0.086           0.132
 509          -0.033          -0.045           0.137           0.103           0.103           0.092          -0.001           0.948           0.044           0.151           0.031           0.144
 510           0.026          -0.006           0.140           0.104           0.109           0.093          -0.016           0.936           0.032           0.081           0.080           0.051
 511          -0.026          -0.002           0.151           0.142           0.120           0.131          -0.033           0.842           0.006          -0.043           0.090           0.153
 512           0.186           0.162           0.098           0.081           0.079           0.061          -0.056           0.668          -0.024           0.069          -0.006          -0.045
 513          -0.020          -0.078           0.134           0.080           0.096           0.085           0.034           0.893           0.069           0.007          -0.057          -0.000
 514          -0.057          -0.008           0.152           0.103           0.114           0.098          -0.000           0.905           0.057          -0.171          -0.114          -0.088
 515          -0.040          -0.011           0.183           0.141           0.142           0.141           0.123           0.578           0.038           0.019          -0.112          -0.201
 516           0.064           0.043           0.143           0.084           0.092           0.097           0.063           0.736           0.088           0.038          -0.098          -0.057
 517          -0.015           0.052           0.191           0.158           0.162           0.156           0.127           0.656           0.009           0.098          -0.068          -0.158
 518           0.088           0.069           0.086           0.090           0.058           0.062          -0.051           0.769          -0.030          -0.042           0.071           0.227
 519           0.687           0.847           0.112           0.069           0.075           0.066           0.003           0.860           0.082           0.198           0.208           0.198
 520           0.749           0.987           0.126           0.086           0.089           0.081           0.001           0.942           0.067           0.183           0.205           0.225
 521           0.751           0.987           0.121           0.082           0.088           0.077           0.003           0.940           0.063           0.181           0.199           0.219
 522           0.753           0.987           0.144           0.105           0.120           0.098          -0.009           0.915           0.032           0.181           0.231           0.245
 523           0.752           0.987           0.150           0.106           0.119           0.098          -0.017           0.957           0.044           0.180           0.217           0.226
 524           0.749           0.966           0.125           0.088           0.092           0.082          -0.020           0.959           0.045           0.182           0.195           0.238
 525           0.755           0.982           0.122           0.128           0.161           0.093          -0.064           0.694           0.046           0.178           0.226           0.259
 526           0.103           0.136           0.136           0.094           0.102           0.089          -0.023           0.935           0.048           0.072           0.145           0.129
 527           0.058           0.102           0.099           0.132           0.101           0.115          -1.000           0.204          -0.044          -0.019           0.144           0.019
 528           0.057           0.101           0.054           0.104           0.048           0.086           0.009           0.204          -0.149          -0.020           0.144           0.021
 529           0.111           0.149           0.393           0.439           0.386           0.421           0.454           0.296           0.926           0.946           0.985           0.491
 530           0.129           0.169           0.376           0.440           0.420           0.485           0.439           0.268           0.925           0.995           0.984           0.491
 531           0.154           0.148           0.117           0.026           0.055           0.081           0.141           0.237           0.171           0.236           0.021          -0.104
 532           0.057           0.100           0.192           0.231           0.143           0.252           0.208          -0.106           0.187          -0.020           0.146           0.023
 533           0.057           0.101           0.186           0.210           0.133           0.231           0.210          -0.085           0.183          -0.019           0.144           0.021
 534           0.057           0.101           0.257           0.336           0.236           0.336           0.240          -0.020           0.219          -0.020           0.144           0.021
 535           0.057           0.101           0.188           0.216           0.141           0.238           0.195          -0.104           0.192          -0.019           0.144           0.021
 536           0.058           0.101           0.189           0.216           0.140           0.239           0.226          -0.096           0.170          -0.019           0.145           0.021
 537           0.058           0.101           0.189           0.216           0.140           0.239           0.226          -0.096           0.170          -0.019           0.144           0.021
 538           0.058           0.101           0.208           0.280           0.188           0.297           0.268          -0.097           0.191          -0.019           0.145           0.021
 539           0.058           0.101           0.230           0.260           0.181           0.277           0.219           0.080           0.177          -0.019           0.146           0.024
 540           0.058           0.101           0.209           0.256           0.170           0.241           0.225           0.171          -0.109          -0.019           0.144           0.020
 541           0.057           0.101           0.210           0.229           0.145           0.243           0.272          -0.123           0.162          -0.019           0.145           0.022
 542           0.057           0.101           0.016           0.046          -0.021           0.046           0.172          -0.180           0.175          -0.019           0.144           0.021
 543           0.058           0.102           0.204           0.220           0.138           0.236           0.269          -0.094           0.188          -0.019           0.145           0.022
 544           0.057           0.101           0.199           0.217           0.134           0.233           0.249          -0.093           0.190          -0.020           0.145           0.022
 545           0.127           0.165           0.337           0.485           0.487           0.461           0.501           0.287           0.930           0.995           0.980           0.478
 546           0.137           0.178           0.620           0.672           0.664           0.750           0.341           0.243           0.940           0.993           0.981           0.478
 547           0.063           0.107          -0.079          -0.005          -0.034          -0.059           0.080          -0.045           0.104          -0.020           0.140           0.016
 548           0.134           0.176           0.352           0.497           0.487           0.543           0.422           0.296           0.892           0.995           0.971           0.498
 549           0.132           0.177           0.395           0.412           0.371           0.384           0.428           0.261           0.892           0.994           0.981           0.524
 550           0.064           0.107           0.047           0.073           0.075           0.057           0.189          -0.095          -0.091          -0.009           0.143           0.021
 551           0.064           0.108           0.114           0.134           0.125           0.102           0.078          -0.125           0.101          -0.009           0.143           0.021
 552           0.064           0.107           0.042           0.070           0.072           0.052           0.184          -0.088          -0.100          -0.009           0.143           0.019
 553           0.064           0.106           0.109           0.131           0.123           0.097           0.077          -0.100           0.090          -0.010           0.142           0.020
 554           0.135           0.178           0.392           0.432           0.445           0.462           0.457           0.297           0.926           0.986           0.956           0.459
 555           0.161           0.200           0.605           0.639           0.595           0.677           0.388           0.323           0.925           0.975           0.977           0.484
 556           0.137           0.175           0.396           0.430           0.418           0.487           0.435           0.281           0.927           0.992           0.962           0.503
 557           0.129           0.169           0.967           0.794           0.787           0.819           0.196           0.151           0.887           0.990           0.925           0.461
 558           0.073           0.099           0.840           0.992           0.919           0.915           0.455           0.221           0.925           0.038           0.073          -0.021
 559           0.136           0.204           0.819           0.936           0.971           0.918           0.432           0.228           0.925          -0.056           0.055           0.068
 560          -0.078          -0.111           0.395           0.590           0.584           0.561           0.742           0.297           0.924          -0.161          -0.123          -0.170
 561           0.062           0.089           0.861           0.919           0.924           0.974           0.392           0.206           0.925           0.164           0.063           0.098
 562           0.010          -0.014           0.678           0.748           0.706           0.760           0.209           0.174           0.919          -0.046          -0.157          -0.232
 563           0.082           0.084           0.655           0.697           0.676           0.746           0.207           0.070           0.927           0.033          -0.137           0.002
 564          -0.045           0.029           0.683           0.750           0.696           0.702           0.238           0.194           0.922           0.006          -0.116          -0.028
 565           0.026           0.053           0.705           0.739           0.714           0.770           0.208           0.151           0.925           0.076          -0.003           0.080
 566           0.013           0.075           0.694           0.774           0.705           0.764           0.233           0.175           0.925          -0.055          -0.151          -0.140
 567          -0.004          -0.015           0.767           0.633           0.580           0.651           0.190           0.158           0.906          -0.036           0.050           0.013
 568           0.001          -0.063           0.681           0.799           0.735           0.779           0.251           0.172           0.911          -0.007           0.058           0.039
 569          -0.044           0.011           0.626           0.705           0.730           0.730           0.218           0.161           0.871           0.038          -0.106          -0.163
 570           0.088           0.104           0.430           0.589           0.589           0.547           0.649           0.188           0.914          -0.023           0.126           0.119
 571          -0.030          -0.013           0.701           0.728           0.712           0.770           0.224           0.143           0.879          -0.039          -0.052           0.054
 572           0.010          -0.031           0.807           0.931           0.866           0.924           0.460           0.202           0.907           0.048          -0.016          -0.093
 573           0.046          -0.015           0.828           0.910           0.885           0.938           0.371           0.205           0.925           0.010           0.125           0.140
 574          -0.060          -0.109           0.777           0.874           0.858           0.816           0.487           0.227           0.903           0.045           0.069           0.117
 575           0.092           0.102           0.807           0.898           0.867           0.908           0.410           0.202           0.932          -0.024           0.124           0.158
 576          -0.014          -0.008           0.793           0.928           0.851           0.896           0.475           0.214           0.913           0.122           0.043          -0.043
 577           0.030           0.025           0.946           0.805           0.773           0.820           0.184           0.223           0.928          -0.033           0.078           0.047
 578           0.004          -0.028           0.792           0.953           0.885           0.877           0.437           0.213           0.933          -0.109          -0.059          -0.045
 579           0.087           0.092           0.790           0.901           0.939           0.895           0.463           0.213           0.904           0.201           0.005           0.050
 580          -0.020           0.012           0.376           0.552           0.561           0.532           0.737           0.292           0.903           0.046          -0.091          -0.113
 581           0.086           0.083           0.812           0.882           0.871           0.946           0.385           0.176           0.929           0.069          -0.154          -0.149
 582           0.031           0.079           0.743           0.874           0.805           0.863           0.457           0.189           0.923          -0.019           0.029           0.000
 583          -0.031          -0.076           0.728           0.819           0.779           0.806           0.382           0.141           0.780          -0.030          -0.054          -0.075
 584           0.034           0.068           0.713           0.818           0.793           0.760           0.491           0.171           0.897           0.001           0.036          -0.096
 585           0.014           0.016           0.758           0.837           0.803           0.859           0.424           0.222           0.842           0.142          -0.013          -0.085
 586           0.093           0.117           0.734           0.869           0.794           0.833           0.487           0.181           0.925          -0.011           0.009          -0.046
 587           0.026          -0.024           0.876           0.755           0.726           0.759           0.206           0.210           0.844          -0.055           0.036          -0.043
 588           0.079           0.072           0.749           0.897           0.828           0.831           0.495           0.214           0.861          -0.035           0.129           0.151
 589           0.045           0.015           0.719           0.833           0.852           0.818           0.473           0.140           0.923          -0.093           0.151           0.175
 590           0.042           0.088           0.349           0.527           0.516           0.498           0.770           0.277           0.914           0.015          -0.010          -0.071
 591           0.102           0.085           0.772           0.836           0.827           0.896           0.435           0.177           0.900          -0.010          -0.058          -0.133
 592          -0.019          -0.060           0.297           0.488           0.471           0.435           0.934           0.218           0.897          -0.033          -0.006           0.009
 593          -0.010          -0.077           0.365           0.591           0.551           0.527           0.911           0.192           0.921          -0.016          -0.007          -0.002
 594          -0.001           0.031           0.295           0.468           0.486           0.468           0.821           0.189           0.935           0.087           0.049          -0.129
 595          -0.066          -0.073           0.315           0.510           0.474           0.469           0.942           0.205           0.894          -0.037          -0.050           0.019
 596           0.010           0.071           0.266           0.454           0.420           0.420           0.926           0.089           0.833           0.019          -0.150          -0.125
 597          -0.067          -0.013           0.443           0.553           0.562           0.537           0.791           0.157           0.890           0.053          -0.109          -0.210
 598          -0.093          -0.070           0.112           0.093           0.106           0.074          -0.068           0.888           0.020           0.023          -0.025           0.002
 599           0.030          -0.004           0.152           0.182           0.162           0.148           0.030           0.543          -0.124           0.076           0.061           0.050
 600           0.026          -0.001           0.154           0.128           0.127           0.109           0.025           0.908           0.008           0.058           0.062           0.014
 601          -0.043          -0.104           0.140           0.104           0.110           0.093          -0.015           0.956          -0.009           0.031           0.137           0.177
 602           0.037           0.038           0.133           0.084           0.100           0.085          -0.015           0.943           0.053           0.106           0.070          -0.027
 603           0.060           0.028           0.138           0.102           0.101           0.094          -0.015           0.940           0.005           0.079          -0.048          -0.151
 604           0.040           0.009           0.101           0.126           0.108           0.085          -0.040           0.606           0.034          -0.042           0.118           0.095
 605          -0.050          -0.087           0.131           0.094           0.100           0.089          -0.021           0.966           0.041           0.052          -0.078          -0.204
 606           0.748           0.987           0.152           0.121           0.130           0.121           0.008           0.907          -0.052           0.182           0.209           0.230
 607           0.747           0.988           0.189           0.142           0.139           0.150           0.125           0.679           0.069           0.176           0.172           0.168
 608           0.250           0.314           0.107           0.122           0.115           0.083           0.004           0.583           0.059           0.055           0.266           0.267
 609           0.249           0.331           0.170           0.127           0.155           0.124          -0.090           0.753           0.051           0.090           0.214           0.234
 610           0.255           0.339           0.166           0.128           0.147           0.132           0.072           0.332           0.029           0.087           0.189           0.226
 611           0.253           0.339           0.130           0.083           0.090           0.080           0.008           0.894           0.071           0.088           0.192           0.216
 612           0.745           0.987           0.138           0.092           0.093           0.097           0.006           0.936           0.053           0.179           0.226           0.242
 613          -0.085          -0.058           0.393           0.426           0.415           0.480           0.440           0.280           0.921           0.018           0.056           0.005
 614           0.049           0.095          -0.096          -0.029          -0.065          -0.086          -0.053           0.132          -0.121          -0.006           0.177           0.044
 615           0.058           0.102           0.007           0.087           0.049           0.059          -0.019           0.204          -0.202          -0.020           0.139           0.018
 616           0.057           0.102          -0.021           0.022          -0.034          -0.003          -0.090           0.178          -0.187          -0.019           0.143           0.019
 617           0.057           0.102          -0.011           0.104           0.058           0.052           0.015           0.236          -0.205          -0.020           0.139           0.019
 618           0.058           0.102           0.031           0.096           0.028           0.036           0.079           0.121          -0.081          -0.019           0.140           0.017
 619           0.126           0.172           0.434           0.474           0.436           0.518           0.402           0.253           0.926           0.993           0.443           0.319
 620           0.131           0.175           0.380           0.501           0.458           0.524           0.460           0.291           0.925           0.987           0.436           0.320
 621           0.129           0.172           0.384           0.430           0.450           0.460           0.458           0.263           0.923           0.989           0.470           0.347
 622           0.138           0.171           0.550           0.624           0.562           0.620           0.336           0.324           0.929           0.985           0.448           0.328
 623           0.124           0.166           0.362           0.433           0.418           0.488           0.433           0.247           0.916           0.984           0.446           0.337
 624           0.126           0.167           0.598           0.710           0.644           0.722           0.394           0.251           0.898           0.994           0.474           0.353
 625           0.140           0.184           0.594           0.671           0.652           0.708           0.440           0.240           0.924           0.986           0.457           0.322
 626           0.132           0.173           0.507           0.591           0.584           0.542           0.305           0.294           0.677           0.992           0.467           0.345
 627           0.129           0.172           0.560           0.605           0.602           0.662           0.343           0.227           0.765           0.992           0.468           0.358
 628           0.138           0.178           0.558           0.676           0.614           0.673           0.376           0.275           0.920           0.993           0.451           0.345
 629           0.122           0.165           0.715           0.570           0.540           0.609           0.408           0.284           0.927           0.992           0.456           0.338
 630           0.137           0.178           0.543           0.707           0.615           0.665           0.419           0.255           0.916           0.993           0.346           0.317
 631           0.131           0.172           0.575           0.666           0.712           0.684           0.335           0.265           0.788           0.991           0.467           0.341
 632           0.126           0.164           0.333           0.481           0.483           0.459           0.490           0.300           0.916           0.993           0.434           0.337
 633           0.133           0.175           0.633           0.683           0.671           0.768           0.370           0.278           0.842           0.993           0.462           0.319
 634           0.133           0.171           0.368           0.439           0.393           0.462           0.445           0.257           0.892           0.993           0.460           0.339
 635           0.126           0.166           0.340           0.486           0.480           0.537           0.427           0.227           0.899           0.332           0.451           0.332
 636           0.126           0.166           0.405           0.424           0.380           0.407           0.455           0.257           0.896           0.331           0.447           0.338
 637           0.127           0.168           0.399           0.437           0.428           0.484           0.457           0.230           0.897           0.993           0.454           0.333
 638           0.055           0.093          -0.091          -0.121          -0.053          -0.117          -0.052          -0.116           0.008          -0.021           0.137           0.013
 639           0.134           0.176           0.424           0.482           0.458           0.510           0.392           0.266           0.891           0.995           0.467           0.348
 640           0.136           0.177           0.363           0.476           0.424           0.482           0.454           0.292           0.931           0.994           0.447           0.334
 641           0.122           0.166           0.389           0.433           0.450           0.458           0.451           0.293           0.927           0.977           0.450           0.337
 642           0.128           0.169           0.604           0.634           0.595           0.672           0.375           0.322           0.921           0.989           0.456           0.342
 643           0.137           0.180           0.386           0.432           0.420           0.488           0.443           0.280           0.925           0.991           0.436           0.333
 644          -0.080          -0.047           0.983           0.840           0.807           0.859           0.228           0.216           0.904           0.050          -0.068          -0.110
 645          -0.060          -0.054           0.827           0.975           0.899           0.910           0.475           0.249           0.888          -0.223           0.177           0.192
 646           0.017          -0.022           0.775           0.894           0.914           0.864           0.372           0.265           0.708          -0.033           0.143           0.120
 647           0.013          -0.028           0.375           0.576           0.568           0.547           0.698           0.357           0.734          -0.008           0.177           0.133
 648           0.005          -0.054           0.821           0.882           0.881           0.943           0.367           0.285           0.757          -0.016           0.180           0.178
 649           0.122           0.064           0.656           0.734           0.686           0.723           0.201           0.067           0.870          -0.050           0.015           0.243
 650          -0.016          -0.049           0.671           0.717           0.703           0.734           0.178           0.172           0.790          -0.005           0.026           0.075
 651           0.077           0.095           0.687           0.745           0.715           0.699           0.220           0.191           0.929          -0.033           0.086           0.134
 652           0.040           0.115           0.691           0.723           0.699           0.763           0.210           0.187           0.889           0.043           0.034          -0.032
 653           0.016           0.078           0.629           0.709           0.663           0.704           0.246           0.160           0.760          -0.002           0.058           0.068
 654           0.043           0.037           0.712           0.607           0.542           0.621           0.116           0.038           0.781          -0.007           0.078           0.146
 655           0.076           0.040           0.694           0.806           0.744           0.789           0.248           0.194           0.864           0.040           0.128           0.050
 656          -0.047          -0.039           0.653           0.721           0.745           0.736           0.246           0.175           0.906           0.042          -0.024           0.063
 657           0.057           0.013           0.399           0.521           0.501           0.487           0.543           0.215           0.820          -0.000           0.090           0.124
 658          -0.066          -0.097           0.692           0.713           0.706           0.769           0.185           0.148           0.932          -0.010           0.090           0.273
 659           0.018          -0.016           0.808           0.934           0.867           0.924           0.446           0.201           0.913          -0.045           0.050           0.154
 660           0.013           0.033           0.827           0.912           0.878           0.931           0.382           0.189           0.906           0.017           0.099           0.132
 661           0.009          -0.056           0.776           0.875           0.861           0.814           0.484           0.225           0.909          -0.029          -0.062          -0.112
 662           0.119           0.127           0.829           0.903           0.873           0.927           0.457           0.210           0.910          -0.006           0.065           0.089
 663           0.052           0.027           0.806           0.931           0.860           0.898           0.486           0.224           0.902          -0.031           0.041           0.067
 664           0.061           0.100           0.950           0.814           0.786           0.832           0.225           0.223           0.885           0.087           0.049          -0.047
 665          -0.089          -0.065           0.791           0.945           0.867           0.884           0.469           0.217           0.846          -0.030          -0.234          -0.052
 666           0.005          -0.005           0.783           0.895           0.938           0.886           0.452           0.193           0.906          -0.045           0.017          -0.113
 667          -0.088          -0.016           0.372           0.571           0.554           0.537           0.741           0.279           0.847          -0.009          -0.008           0.090
 668           0.003           0.048           0.737           0.798           0.798           0.885           0.350           0.156           0.787           0.096           0.067           0.052
 669           0.011           0.057           0.744           0.870           0.797           0.857           0.488           0.236           0.870           0.086          -0.042          -0.161
 670          -0.060          -0.056           0.755           0.846           0.809           0.856           0.371           0.242           0.811          -0.034          -0.045           0.052
 671           0.016           0.076           0.692           0.795           0.773           0.742           0.476           0.216           0.895           0.064          -0.051          -0.030
 672          -0.003           0.029           0.741           0.825           0.788           0.853           0.460           0.205           0.908           0.027          -0.047          -0.071
 673           0.008           0.051           0.733           0.866           0.789           0.838           0.502           0.202           0.913           0.102          -0.044          -0.117
 674           0.015           0.046           0.888           0.745           0.710           0.770           0.235           0.245           0.905           0.128          -0.042           0.018
 675          -0.017           0.074           0.728           0.884           0.804           0.825           0.495           0.184           0.910           0.041          -0.016          -0.073
 676          -0.020           0.008           0.713           0.829           0.867           0.818           0.442           0.169           0.914           0.013          -0.052          -0.139
 677          -0.002          -0.078           0.334           0.506           0.504           0.482           0.763           0.290           0.875          -0.058           0.137           0.067
 678           0.025          -0.032           0.767           0.834           0.819           0.890           0.436           0.193           0.902           0.030           0.159           0.126
 679           0.110           0.129           0.309           0.499           0.477           0.463           0.785           0.311           0.763           0.038           0.084           0.186
 680           0.041           0.078           0.376           0.588           0.552           0.535           0.908           0.188           0.914           0.060          -0.059          -0.211
 681          -0.028          -0.022           0.282           0.418           0.449           0.435           0.706           0.297           0.734           0.083          -0.143          -0.238
 682          -0.032          -0.003           0.303           0.438           0.397           0.407           0.849           0.208           0.714           0.026          -0.117          -0.162
 683           0.063           0.117           0.296           0.506           0.474           0.468           0.961           0.221           0.870           0.029          -0.016          -0.092
 684           0.024          -0.020           0.392           0.474           0.527           0.471           0.747           0.107           0.739          -0.047           0.129           0.049
 685           0.012          -0.011           0.302           0.517           0.481           0.470           0.933           0.202           0.888           0.064           0.070           0.112
 686           0.024          -0.006           0.289           0.509           0.483           0.473           0.864           0.157           0.904           0.000           0.117           0.151
 687           0.026          -0.005           0.397           0.384           0.383           0.369           0.493           0.281           0.914          -0.032           0.058           0.116
 688          -0.040          -0.057           0.324           0.506           0.478           0.457           0.892           0.240           0.879           0.051           0.132          -0.002
 689           0.025           0.005           0.788           0.909           0.840           0.887           0.442           0.230           0.897           0.096           0.076           0.129
 690           0.090           0.037           0.812           0.904           0.860           0.913           0.361           0.217           0.918           0.001          -0.117          -0.076
 691          -0.058          -0.054           0.716           0.818           0.794           0.758           0.445           0.267           0.873          -0.050          -0.089          -0.139
 692          -0.003          -0.038           0.784           0.860           0.823           0.857           0.407           0.158           0.763          -0.045          -0.041          -0.124
 693          -0.054          -0.070           0.718           0.849           0.779           0.785           0.371           0.243           0.795          -0.004          -0.029          -0.035
 694           0.112           0.110           0.902           0.782           0.743           0.776           0.137           0.166           0.949          -0.017          -0.011          -0.136
 695           0.139           0.120           0.763           0.921           0.845           0.829           0.416           0.166           0.944          -0.029          -0.038          -0.050
 696           0.021           0.004           0.729           0.847           0.865           0.798           0.389           0.256           0.775           0.038          -0.162          -0.239
 697          -0.082          -0.052           0.337           0.524           0.517           0.492           0.763           0.250           0.944           0.005           0.210           0.267
 698          -0.002          -0.087           0.793           0.864           0.849           0.906           0.376           0.281           0.806          -0.030           0.063           0.105
 699          -0.011           0.051           0.375           0.502           0.453           0.529           0.406           0.279           0.923           0.039          -0.020          -0.027
 700           0.001           0.053           0.388           0.557           0.545           0.611           0.402           0.272           0.914           0.077          -0.079          -0.227
 701           0.064           0.013           0.417           0.494           0.450           0.471           0.420           0.300           0.928           0.025          -0.003           0.006
 702          -0.009          -0.051           0.377           0.465           0.463           0.514           0.411           0.292           0.859           0.024          -0.038          -0.167
 703           0.019           0.049           0.372           0.510           0.457           0.527           0.432           0.274           0.932           0.019           0.056           0.019
 704          -0.087          -0.027           0.487           0.553           0.521           0.580           0.335           0.264           0.839          -0.042          -0.076          -0.055
 705          -0.011           0.010           0.391           0.548           0.496           0.559           0.442           0.291           0.910           0.060           0.041           0.056
 706           0.027           0.062           0.408           0.494           0.515           0.527           0.426           0.280           0.922           0.060          -0.173          -0.145
 707           0.014           0.042           0.582           0.626           0.593           0.636           0.329           0.322           0.927          -0.034          -0.024          -0.035
 708          -0.227          -0.281           0.040           0.103           0.043           0.066          -0.051           0.075          -0.191          -0.323           0.104           0.171
 709          -0.007           0.059           0.247           0.434           0.393           0.442           0.330           0.225           0.912          -0.000          -0.068          -0.094
 710          -1.000          -1.000           0.122           0.081           0.086           0.078           0.003           0.936           0.066          -0.034          -1.000          -1.000
 711           0.067           0.019           0.148           0.114           0.108           0.110          -0.006           0.492           0.132           0.055           0.054          -0.010
 712           0.002          -0.050           0.138           0.101           0.108           0.097          -0.004           0.941           0.047          -0.002           0.019          -0.028
 713           0.093           0.106           0.154           0.111           0.112           0.101           0.023           0.907           0.026           0.029          -0.067          -0.170
 714          -0.055          -0.021           0.037          -0.011           0.023          -0.012           0.022           0.233          -0.156           0.093          -0.083          -0.078
 715          -0.025           0.017           0.113           0.140           0.139           0.088          -0.084           0.147          -0.104           0.041          -0.106          -0.055
 716           0.011           0.045           0.126           0.093           0.097           0.083          -0.021           0.966           0.041           0.119          -0.041          -0.016
 717           0.033           0.111           0.128           0.085           0.098           0.080          -0.016           0.968           0.032          -0.016           0.071           0.184
 718           0.013          -0.033           0.136           0.102           0.105           0.096          -0.003           0.956           0.039          -0.018          -0.038          -0.148
 719           0.078           0.033           0.102           0.110           0.122           0.098           0.044           0.576           0.007           0.031           0.146           0.084
 720           0.083           0.057           0.149           0.105           0.114           0.099          -0.014           0.972           0.031           0.154           0.043          -0.030
 721           0.090           0.080           0.124           0.142           0.077           0.156           0.025           0.567          -0.011          -0.066          -0.074          -0.082
 722          -0.030           0.028           0.153           0.106           0.131           0.099          -0.014           0.938           0.035           0.093          -0.115          -0.103
 723          -0.033           0.055           0.016          -0.057           0.002          -0.042          -0.064           0.385           0.152           0.120          -0.056          -0.033
 724          -0.025           0.088           0.151           0.105           0.109           0.105          -0.008           0.797           0.035           0.011          -0.028          -0.056
 725           0.081           0.107           0.149           0.105           0.115           0.106          -0.005           0.948           0.037           0.134           0.208           0.132
 726          -0.041          -0.008           0.135           0.095           0.102           0.088          -0.012           0.963           0.046           0.014           0.038           0.079
 727          -0.072          -0.064           0.141           0.105           0.111           0.098          -0.013           0.964           0.030          -0.187          -0.137          -0.087
 728           0.014           0.027           0.139           0.095           0.102           0.096           0.053           0.920           0.068          -0.076           0.048           0.040
 729           0.011          -0.069           0.067           0.039           0.030           0.028           0.014           0.912           0.061          -0.083           0.077           0.179
 730          -0.207          -0.199           0.134           0.097           0.104           0.089           0.006           0.962           0.060          -0.062          -0.088          -0.000
 731          -0.160          -0.191           0.119           0.077           0.090           0.076          -0.008           0.951           0.062          -0.075           0.108           0.144
 732          -0.171          -0.168           0.167           0.153           0.150           0.127          -0.004           0.843          -0.009          -0.198          -0.019          -0.125
 733          -0.150          -0.151           0.185           0.137           0.129           0.155           0.074           0.766          -0.008          -0.065          -0.153          -0.128
 734           0.010          -0.065           0.116           0.083           0.092           0.075          -0.009           0.928           0.057          -0.008           0.144           0.230
 735           0.018           0.035           0.149           0.114           0.120           0.103          -0.023           0.959           0.025          -0.156           0.099           0.077
 736          -0.023          -0.004           0.167           0.145           0.144           0.121          -0.015           0.842           0.003          -0.063          -0.056          -0.158
 737           0.003           0.013           0.144           0.078           0.078           0.055          -0.008           0.625           0.029           0.309           0.069           0.056
 738          -0.063          -0.101           0.173           0.132           0.141           0.129           0.020           0.881           0.024          -0.032          -0.019          -0.013
 739          -0.027          -0.013           0.089           0.046           0.020           0.044           0.003           0.787           0.040          -0.086           0.109           0.080
 740           0.082           0.061           0.146           0.101           0.111           0.098           0.030           0.930           0.066           0.107          -0.057          -0.045
 741           0.028          -0.044           0.135           0.109           0.106           0.095          -0.004           0.921           0.017           0.044           0.006           0.087
 742           0.752           0.982           0.091           0.067           0.070           0.042          -0.185           0.761          -0.025           0.165           0.210           0.220
 743           0.747           0.989           0.142           0.089           0.100           0.096           0.054           0.897           0.074           0.169           0.161           0.197
 744           0.753           0.986           0.133           0.091           0.096           0.086           0.005           0.942           0.061           0.162           0.196           0.226
 745           0.750           0.988           0.133           0.092           0.099           0.085          -0.018           0.952           0.038           0.185           0.193           0.214
 746           0.752           0.987           0.126           0.090           0.101           0.084          -0.019           0.964           0.028           0.186           0.197           0.217
 747           0.750           0.988           0.136           0.103           0.110           0.094          -0.035           0.939           0.041           0.173           0.208           0.229
 748           0.747           0.984           0.100           0.042           0.046           0.035          -0.046           0.738           0.039           0.193           0.160           0.193
 749           0.030          -0.001           0.103           0.065           0.078           0.058          -0.009           0.861           0.012          -0.055           0.145           0.196
 750           0.062           0.107          -0.009          -0.048          -0.111          -0.048           0.042           0.231           0.001          -0.010           0.019          -0.060
 751           0.062           0.105          -0.019          -0.033          -0.095          -0.028           0.042           0.247          -0.021          -0.008           0.020          -0.055
 752           0.073           0.120           0.016           0.134           0.092           0.098           0.177           0.196           0.011           0.027           0.039          -0.055
 753           0.062           0.104          -0.011          -0.030          -0.097          -0.024           0.027           0.231          -0.028           0.010           0.020          -0.056
 754          -0.010          -0.037           0.261           0.410           0.396           0.433           0.346           0.240           0.907          -0.055           0.052          -0.017
 755           0.060           0.104          -0.003          -0.038          -0.109          -0.036           0.038           0.231          -0.011           0.009           0.020          -0.056
 756           0.147           0.171           0.378           0.542           0.526           0.597           0.403           0.293           0.911           0.819           0.534           0.894
 757           0.118           0.160           0.427           0.489           0.454           0.473           0.427           0.322           0.921           0.982           0.542           0.939
 758           0.137           0.174           0.418           0.488           0.469           0.526           0.437           0.264           0.851           0.980           0.534           0.933
 759           0.130           0.174           0.375           0.521           0.458           0.533           0.448           0.273           0.925           0.991           0.517           0.920
 760           0.141           0.183           0.480           0.538           0.502           0.573           0.396           0.241           0.934           0.993           0.534           0.957
 761           0.126           0.168           0.369           0.542           0.493           0.553           0.417           0.295           0.875           0.320           0.538           0.925
 762           0.128           0.167           0.388           0.483           0.504           0.518           0.418           0.302           0.887           0.327           0.526           0.950
 763           0.144           0.200           0.567           0.595           0.557           0.638           0.308           0.324           0.889           0.974           0.537           0.945
 764           0.058           0.104           0.003          -0.016          -0.029          -0.013          -0.065           0.178           0.144           0.014           0.020          -0.055
 765           0.056           0.103           0.003          -0.016          -0.029          -0.013          -0.065           0.178           0.144           0.013           0.020          -0.056
 766           0.135           0.173           0.319           0.463           0.477           0.523           0.404           0.237           0.924           0.996           0.540           0.901
 767           0.134           0.170           0.387           0.425           0.375           0.406           0.438           0.291           0.924           0.995           0.522           0.946
 768           0.125           0.165           0.359           0.423           0.409           0.473           0.437           0.246           0.930           0.298           0.533           0.940
 769           0.126           0.165           0.346           0.451           0.394           0.465           0.454           0.271           0.922           0.301           0.527           0.947
 770           0.133           0.169           0.430           0.476           0.436           0.513           0.392           0.276           0.843           0.993           0.552           0.941
 771           0.124           0.171           0.311           0.466           0.419           0.491           0.444           0.291           0.852           0.985           0.466           0.882
 772           0.127           0.164           0.382           0.437           0.450           0.470           0.451           0.284           0.835           0.985           0.531           0.935
 773           0.132           0.173           0.548           0.617           0.550           0.624           0.351           0.287           0.848           0.994           0.555           0.952
 774           0.130           0.169           0.351           0.416           0.411           0.478           0.421           0.245           0.929           0.995           0.536           0.949
 775           0.140           0.175           0.586           0.697           0.636           0.694           0.403           0.246           0.890           0.983           0.506           0.904
 776           0.132           0.173           0.602           0.678           0.649           0.725           0.444           0.227           0.926           0.997           0.539           0.951
 777           0.133           0.180           0.568           0.652           0.629           0.619           0.338           0.296           0.896           0.992           0.526           0.937
 778           0.131           0.166           0.615           0.676           0.651           0.723           0.386           0.242           0.918           0.992           0.529           0.948
 779           0.138           0.183           0.577           0.687           0.616           0.687           0.431           0.202           0.886           0.979           0.479           0.913
 780           0.130           0.161           0.714           0.570           0.539           0.609           0.394           0.253           0.924           0.983           0.498           0.912
 781           0.135           0.175           0.590           0.727           0.663           0.698           0.408           0.248           0.918           0.995           0.544           0.951
 782           0.131           0.169           0.570           0.670           0.715           0.689           0.336           0.270           0.924           0.996           0.530           0.950
 783           0.063           0.109           0.004           0.018           0.035          -0.026          -0.062          -0.036          -0.019           0.012           0.024          -0.053
 784           0.064           0.107           0.037           0.052           0.065           0.002          -0.047          -0.043          -0.022           0.011           0.021          -0.054
 785           0.065           0.108           0.014           0.026           0.033          -0.023          -0.092          -0.068          -0.056           0.014           0.022          -0.057
 786           0.062           0.106           0.021           0.038           0.049          -0.011          -0.054          -0.039          -0.020           0.012           0.022          -0.055
 787           0.133           0.170           0.402           0.441           0.388           0.415           0.454           0.276           0.866           0.995           0.525           0.943
 788           0.129           0.168           0.397           0.446           0.424           0.489           0.451           0.282           0.929           0.985           0.500           0.908
 789           0.127           0.167           0.372           0.469           0.408           0.480           0.468           0.292           0.928           0.985           0.494           0.914
 790           0.137           0.176           0.421           0.484           0.449           0.508           0.362           0.255           0.895           0.996           0.510           0.942
 791           0.132           0.171           0.361           0.477           0.425           0.481           0.451           0.280           0.922           0.996           0.530           0.950
 792           0.137           0.176           0.395           0.438           0.452           0.463           0.447           0.315           0.931           0.996           0.527           0.946
 793           0.131           0.172           0.600           0.632           0.594           0.667           0.352           0.292           0.914           0.996           0.530           0.934
 794           0.132           0.172           0.373           0.420           0.415           0.476           0.425           0.260           0.921           0.996           0.531           0.938
 795           0.036           0.028           0.980           0.840           0.803           0.860           0.238           0.236           0.901          -0.049           0.090           0.225
 796           0.044          -0.034           0.836           0.983           0.908           0.918           0.489           0.191           0.898          -0.007          -0.043           0.011
 797           0.010          -0.033           0.777           0.884           0.927           0.881           0.433           0.175           0.873          -0.059          -0.056          -0.065
 798           0.070           0.090           0.380           0.577           0.557           0.544           0.708           0.174           0.798          -0.006          -0.107          -0.136
 799          -0.002          -0.067           0.865           0.931           0.919           0.982           0.419           0.205           0.909          -0.137           0.088           0.109
 800           0.100           0.138           0.652           0.739           0.677           0.751           0.204           0.154           0.914           0.053          -0.062          -0.157
 801          -0.006          -0.074           0.692           0.731           0.713           0.772           0.196           0.164           0.916           0.050           0.039           0.076
 802           0.010          -0.004           0.661           0.728           0.673           0.679           0.256           0.098           0.910          -0.023          -0.014           0.047
 803           0.059           0.018           0.695           0.732           0.704           0.753           0.235           0.097           0.867          -0.065           0.070           0.063
 804          -0.039          -0.041           0.671           0.755           0.684           0.769           0.271           0.206           0.814          -0.044          -0.026          -0.108
 805          -0.054          -0.061           0.741           0.613           0.557           0.644           0.182           0.167           0.878           0.003          -0.043          -0.101
 806          -0.016          -0.016           0.678           0.794           0.732           0.779           0.259           0.152           0.910          -0.109          -0.051          -0.055
 807           0.045           0.087           0.672           0.744           0.752           0.752           0.239           0.132           0.906           0.022          -0.033           0.035
 808          -0.028          -0.094           0.442           0.615           0.604           0.567           0.649           0.241           0.844          -0.002           0.068           0.072
 809           0.106           0.093           0.692           0.718           0.709           0.771           0.186           0.150           0.934          -0.066          -0.107          -0.151
 810          -0.071          -0.103           0.791           0.930           0.858           0.915           0.423           0.233           0.899           0.055          -0.018          -0.091
 811          -0.040          -0.031           0.812           0.902           0.865           0.913           0.366           0.210           0.866           0.119           0.051           0.107
 812          -0.013          -0.016           0.776           0.875           0.857           0.813           0.467           0.193           0.900          -0.044           0.092           0.199
 813           0.024           0.020           0.823           0.901           0.870           0.919           0.429           0.199           0.931          -0.185          -0.077           0.054
 814           0.040           0.081           0.787           0.924           0.846           0.882           0.456           0.234           0.893           0.145          -0.180          -0.105
 815           0.061           0.034           0.948           0.806           0.775           0.820           0.192           0.236           0.932          -0.031           0.160           0.219
 816          -0.124          -0.069           0.798           0.958           0.887           0.878           0.443           0.213           0.931           0.026          -0.090          -0.124
 817           0.041           0.053           0.794           0.902           0.940           0.896           0.468           0.206           0.905          -0.071           0.142           0.205
 818          -0.001           0.022           0.376           0.567           0.570           0.539           0.738           0.297           0.934          -0.062          -0.115          -0.078
 819           0.031           0.017           0.824           0.897           0.886           0.947           0.388           0.205           0.932          -0.038           0.113           0.149
 820           0.103           0.069           0.737           0.873           0.802           0.857           0.431           0.201           0.931           0.078           0.000          -0.110
 821          -1.000          -1.000           0.764           0.852           0.823           0.874           0.361           0.208           0.932           0.048          -0.060          -0.180
 822          -1.000          -1.000           0.710           0.810           0.797           0.743           0.461           0.215           0.932          -1.000          -0.032           0.025
 823          -1.000          -1.000           0.757           0.839           0.803           0.858           0.432           0.196           0.932          -1.000          -0.010          -0.178
 824           0.071           0.085           0.729           0.866           0.788           0.825           0.466           0.204           0.931           0.159          -1.000          -1.000
 825           0.035          -0.004           0.888           0.745           0.708           0.761           0.194           0.224           0.931          -0.030          -0.075          -0.189
 826           0.052           0.020           0.712           0.873           0.800           0.811           0.474           0.221           0.844           0.180          -0.125          -0.068
 827          -0.161          -0.129           0.718           0.823           0.875           0.830           0.471           0.183           0.866          -0.065           0.127           0.072
 828          -0.039           0.012           0.347           0.519           0.508           0.492           0.772           0.275           0.904           0.030          -0.077          -0.152
 829           0.100           0.048           0.770           0.837           0.820           0.898           0.451           0.191           0.904          -0.052          -0.028          -0.174
 830          -0.033          -0.081           0.127           0.078           0.089           0.079          -0.014           0.936           0.067           0.060           0.047           0.022
 831           0.014           0.017           0.090           0.051           0.050           0.056           0.006           0.922           0.066           0.134          -0.014          -0.080
 832           0.015          -0.012           0.124           0.087           0.094           0.080          -0.023           0.956           0.045          -0.017           0.057           0.015
 833          -0.049          -0.039           0.125           0.091           0.096           0.083          -0.017           0.955           0.047           0.015           0.093           0.188
 834           0.134           0.090           0.190           0.146           0.136           0.180          -0.013           0.514           0.060           0.037           0.051           0.008
 835           0.036           0.049           0.070           0.051           0.057           0.053          -0.011           0.731           0.058          -0.043           0.118           0.118
 836           0.085           0.065           0.135           0.101           0.107           0.105          -0.021           0.689          -0.004           0.113           0.044          -0.046
 837           0.036           0.049           0.184           0.157           0.155           0.151           0.013           0.857           0.033          -0.064          -0.089          -0.131
 838          -0.026          -0.007           0.180           0.148           0.161           0.134           0.030           0.904           0.019           0.055          -0.068          -0.158
 839           0.000           0.059           0.138           0.095           0.108           0.090          -0.013           0.942           0.033          -0.005          -0.089          -0.167
 840          -0.003          -0.034           0.180           0.174           0.162           0.143           0.146           0.458           0.016           0.037          -0.098          -0.068
 841           0.078           0.043           0.100           0.114           0.073           0.087          -0.005           0.778           0.011           0.071           0.017           0.047
 842           0.080           0.099           0.111           0.061           0.068           0.083           0.097           0.472           0.076           0.060          -0.129          -0.094
 843           0.075           0.031           0.134           0.107           0.109           0.085          -0.025           0.882           0.006          -0.008           0.070           0.148
 844           0.016          -0.048           0.139           0.104           0.106           0.093           0.005           0.887           0.054          -0.000           0.046           0.068
 845           0.004           0.048           0.141           0.105           0.111           0.098           0.002           0.960           0.044          -0.029          -0.083          -0.068
 846           0.066          -0.005           0.135           0.092           0.104           0.086          -0.000           0.953           0.049          -0.092          -0.105          -0.181
 847           0.262           0.317           0.142           0.108           0.102           0.106           0.020           0.931           0.074           0.324          -0.148          -0.048
 848           0.006          -0.017           0.123           0.078           0.088           0.081           0.007           0.944           0.067           0.047           0.012           0.115
 849           0.270           0.284           0.145           0.113           0.111           0.109           0.014           0.936           0.090           0.185           0.100           0.035
 850           0.053           0.004           0.123           0.080           0.086           0.082           0.017           0.923           0.070           0.006           0.110           0.194
 851           0.033           0.059           0.125           0.083           0.089           0.078           0.011           0.953           0.066           0.111           0.040          -0.064
 852           0.017           0.040           0.115           0.099           0.095           0.105           0.095           0.661          -0.064           0.078          -0.012           0.085
 853           0.002          -0.014           0.140           0.087           0.105           0.090           0.019           0.719           0.096          -0.081           0.126           0.190
 854           0.051           0.028           0.142           0.123           0.113           0.110          -0.003           0.880          -0.011          -0.053          -0.019           0.034
 855           0.006           0.053           0.158           0.133           0.127           0.122           0.013           0.904           0.035          -0.059          -0.024           0.086
 856          -0.006           0.029           0.167           0.133           0.123           0.127           0.045           0.897           0.062          -0.138          -0.101          -0.177
 857           0.114           0.155           0.118           0.078           0.089           0.078           0.006           0.934           0.060          -0.021          -0.049          -0.120
 858           0.090           0.069           0.107           0.086           0.085           0.069          -0.098           0.641           0.008          -0.002           0.124           0.131
 859           0.022           0.086           0.127           0.089           0.092           0.084           0.013           0.935           0.042           0.158          -0.060          -0.109
 860           0.057          -0.014           0.138           0.113           0.118           0.091          -0.018           0.882           0.011          -0.015           0.054           0.059
 861           0.032          -0.004           0.119           0.085           0.084           0.079           0.004           0.934           0.070          -0.012           0.057           0.022
 862           0.126           0.169           0.055           0.016           0.038           0.019          -0.040           0.807           0.051           0.078          -0.017          -0.144
 863           0.003           0.015           0.140           0.095           0.105           0.101           0.035           0.933           0.068          -0.046          -0.095          -0.154
 864           0.738           0.945           0.442           0.464           0.402           0.445           0.466           0.311           0.902           0.185           0.197           0.185
 865           0.262           0.339           0.420           0.441           0.421           0.491           0.455           0.315           0.830           0.088           0.242           0.230
 866           0.248           0.320           0.309           0.460           0.389           0.491           0.455           0.218           0.808           0.074           0.198           0.226
 867           0.759           0.971           0.430           0.506           0.468           0.517           0.415           0.281           0.787           0.182           0.206           0.192
 868           0.753           0.985           0.363           0.490           0.436           0.497           0.475           0.221           0.866           0.177           0.150           0.147
 869           0.751           0.980           0.409           0.441           0.450           0.471           0.466           0.292           0.918           0.173           0.135           0.145
 870           0.744           0.988           0.603           0.637           0.595           0.673           0.380           0.342           0.840           0.192           0.135           0.133
 871           0.067           0.099           0.375           0.417           0.409           0.472           0.453           0.216           0.790           0.026           0.088           0.132
 872           0.058           0.101           0.183           0.172           0.175           0.161           0.113          -0.052           0.015          -0.011           0.081          -0.039
 873           0.060           0.104           0.163           0.141           0.147           0.144           0.107          -0.043           0.006          -0.022           0.144           0.008
 874           0.059           0.103           0.032           0.017           0.035           0.038           0.052           0.211           0.060          -0.019           0.151           0.016
 875           0.057           0.101           0.130           0.041           0.065           0.037           0.079           0.056          -0.003          -0.022           0.144           0.007
 876           0.060           0.104           0.168           0.150           0.153           0.148           0.086          -0.029          -0.004          -0.021           0.145           0.010
 877           0.059           0.104           0.174           0.154           0.158           0.151           0.082          -0.015           0.010          -0.021           0.144           0.008
 878           0.060           0.104           0.167           0.149           0.153           0.146           0.089          -0.028           0.010          -0.022           0.144           0.008
 879           0.110           0.147           0.365           0.407           0.431           0.438           0.437           0.223           0.731           0.934           0.548           0.921
 880           0.129           0.173           0.508           0.568           0.516           0.586           0.300           0.395           0.717           0.981           0.491           0.915
 881           0.138           0.183           0.374           0.431           0.416           0.488           0.439           0.250           0.916           0.992           0.537           0.956
 882           0.134           0.175           0.591           0.712           0.645           0.725           0.392           0.250           0.916           0.992           0.539           0.945
 883           0.058           0.100          -0.014          -0.041          -0.014          -0.033           0.096          -0.064           0.125          -0.019           0.142           0.019
 884           0.132           0.175           0.572           0.657           0.636           0.620           0.341           0.279           0.896           0.996           0.540           0.955
 885           0.061           0.095           0.097           0.082           0.079           0.084           0.018           0.125          -0.033          -0.015           0.159           0.030
 886           0.060           0.104           0.046          -0.008           0.002           0.038           0.155           0.127           0.100          -0.018           0.139           0.017
 887           0.130           0.162           0.705           0.563           0.536           0.599           0.419           0.244           0.879           0.984           0.515           0.926
 888           0.131           0.166           0.590           0.738           0.673           0.699           0.392           0.256           0.933           0.996           0.523           0.947
 889           0.133           0.170           0.576           0.676           0.717           0.694           0.328           0.290           0.890           0.995           0.528           0.948
 890           0.131           0.170           0.331           0.477           0.480           0.458           0.485           0.294           0.930           0.996           0.521           0.949
 891           0.058           0.100           0.304           0.309           0.287           0.316           0.069           0.230           0.047          -0.022           0.151           0.026
 892           0.058           0.101           0.190           0.201           0.227           0.223          -0.065           0.224          -0.106          -0.023           0.152           0.027
 893           0.057           0.100           0.301           0.300           0.286           0.313           0.063           0.227           0.037          -0.022           0.152           0.025
 894           0.057           0.100           0.309           0.308           0.287           0.319           0.060           0.233           0.042          -0.022           0.151           0.025
 895           0.057           0.100           0.310           0.313           0.292           0.321           0.067           0.239           0.032          -0.023           0.151           0.026
 896           0.057           0.100           0.301           0.303           0.282           0.313           0.057           0.233           0.025          -0.022           0.152           0.026
 897           0.057           0.101           0.332           0.335           0.308           0.352           0.090           0.223           0.045          -0.022           0.152           0.027
 898           0.058           0.101           0.218           0.295           0.212           0.281           0.217           0.195          -0.111          -0.017           0.151           0.023
 899           0.056           0.099           0.310           0.308           0.285           0.320           0.057           0.222           0.011          -0.022           0.151           0.027
 900           0.056           0.099          -0.271          -0.348          -0.268          -0.341          -0.248          -0.014           0.123          -0.022           0.150           0.024
 901           0.132           0.170           0.372           0.409           0.404           0.467           0.425           0.281           0.930           0.996           0.533           0.950
 902           0.009           0.052           0.987           0.843           0.813           0.863           0.201           0.224           0.921           0.039          -0.116          -0.192
 903          -0.045          -0.028           0.842           0.989           0.918           0.927           0.471           0.237           0.902           0.011           0.041           0.162
 904           0.084           0.120           0.827           0.932           0.964           0.926           0.467           0.174           0.886           0.128          -0.151          -0.220
 905           0.089           0.069           0.374           0.557           0.557           0.531           0.741           0.276           0.894           0.096           0.060           0.063
 906          -0.006          -0.036           0.864           0.931           0.915           0.984           0.409           0.197           0.917           0.032           0.121          -0.013
 907           0.046           0.067           0.636           0.729           0.665           0.735           0.222           0.090           0.888           0.093           0.004          -0.041
 908           0.125           0.127           0.632           0.695           0.643           0.730           0.234           0.175           0.873           0.093          -0.020          -0.106
 909           0.027           0.002           0.659           0.725           0.671           0.679           0.240           0.072           0.934          -0.082          -0.006           0.049
 910          -0.010           0.010           0.713           0.744           0.721           0.780           0.229           0.143           0.914          -0.016          -0.032          -0.064
 911           0.034          -0.046           0.702           0.779           0.714           0.772           0.253           0.193           0.881          -0.026           0.093           0.121
 912          -0.011          -0.003           0.768           0.632           0.585           0.660           0.209           0.188           0.853           0.002          -0.058          -0.178
 913           0.017          -0.054           0.686           0.800           0.737           0.782           0.253           0.172           0.895          -0.065           0.113           0.204
 914           0.005          -0.061           0.681           0.750           0.768           0.761           0.250           0.173           0.909          -0.028           0.084           0.100
 915           0.026          -0.018           0.456           0.613           0.601           0.571           0.658           0.222           0.916          -0.058           0.065           0.127
 916           0.006          -0.030           0.704           0.729           0.719           0.781           0.221           0.166           0.912          -0.009          -0.016          -0.032
 917           0.010          -0.060           0.803           0.925           0.863           0.911           0.449           0.244           0.820          -0.003           0.088           0.112
 918           0.018           0.076           0.791           0.875           0.845           0.918           0.365           0.165           0.840           0.156          -0.145          -0.153
 919           0.030           0.069           0.773           0.872           0.861           0.804           0.450           0.243           0.931           0.029          -0.019          -0.095
 920           0.019          -0.048           0.830           0.900           0.869           0.925           0.467           0.194           0.895          -0.035          -0.001           0.114
 921          -0.040           0.023           0.807           0.931           0.860           0.901           0.489           0.207           0.909          -0.020          -0.102          -0.166
 922          -0.014           0.049           0.951           0.812           0.778           0.832           0.241           0.226           0.912           0.000          -0.081          -0.086
 923           0.040          -0.022           0.808           0.962           0.894           0.890           0.463           0.204           0.922          -0.016           0.039           0.011
 924           0.110           0.125           0.791           0.905           0.942           0.894           0.442           0.186           0.937           0.031           0.146           0.237
 925          -0.022          -0.024           0.388           0.568           0.564           0.540           0.751           0.304           0.901          -0.059           0.066           0.179
 926          -0.092          -0.096           0.823           0.898           0.886           0.945           0.397           0.211           0.916          -0.154           0.081           0.139
 927           0.120           0.109           0.744           0.867           0.797           0.859           0.484           0.206           0.883           0.043           0.094           0.044
 928           0.047           0.084           0.770           0.856           0.820           0.878           0.395           0.193           0.909           0.007           0.010           0.011
 929          -0.055          -0.049           0.717           0.813           0.791           0.757           0.509           0.210           0.901          -0.021          -0.008          -0.103
 930           0.016          -0.059           0.744           0.832           0.780           0.862           0.457           0.257           0.860          -0.003           0.063          -0.095
 931           0.054          -0.024           0.745           0.867           0.792           0.839           0.514           0.204           0.897          -0.022           0.127           0.224
 932          -0.050          -0.105           0.885           0.750           0.712           0.776           0.257           0.211           0.901          -0.012           0.008           0.087
 933           0.021           0.033           0.737           0.897           0.822           0.821           0.466           0.204           0.930           0.093          -0.021          -0.126
 934           0.046           0.100           0.719           0.833           0.869           0.834           0.489           0.214           0.890           0.135          -0.060          -0.070
 935           0.025          -0.008           0.350           0.515           0.511           0.492           0.763           0.295           0.885           0.031           0.103           0.078
 936          -0.013          -0.052           0.768           0.832           0.814           0.894           0.459           0.185           0.903          -0.059           0.068           0.171
 937          -0.142          -0.123           0.318           0.511           0.477           0.469           0.939           0.182           0.890          -0.088           0.045           0.154
 938          -0.039          -0.031           0.378           0.586           0.547           0.532           0.905           0.201           0.906           0.070          -0.060          -0.085
 939           0.023           0.034           0.309           0.474           0.491           0.484           0.825           0.208           0.910          -0.082           0.053           0.086
 940           0.166           0.177           0.323           0.518           0.487           0.476           0.942           0.224           0.910           0.183           0.122           0.017
 941          -0.114          -0.102           0.292           0.504           0.468           0.466           0.971           0.209           0.913           0.020           0.124          -0.113
 942          -0.037           0.020           0.413           0.480           0.494           0.494           0.728           0.151           0.835          -0.012          -0.054          -0.120
 943          -0.028          -0.026           0.284           0.499           0.468           0.455           0.938           0.190           0.934           0.166          -0.089           0.062
 944           0.009          -0.050           0.291           0.503           0.480           0.471           0.831           0.281           0.742          -0.033           0.182           0.143
 945           0.077           0.034           0.342           0.335           0.335           0.332           0.469           0.348           0.858           0.121           0.105           0.122
 946          -0.010          -0.023           0.307           0.500           0.469           0.451           0.886           0.234           0.874           0.155           0.122           0.177
 947          -0.024          -0.012           0.785           0.911           0.838           0.903           0.441           0.237           0.911           0.110          -0.025          -0.055
 948          -0.027          -0.019           0.810           0.902           0.858           0.910           0.364           0.222           0.911          -0.066          -0.117          -0.082
 949           0.015           0.097           0.756           0.855           0.829           0.789           0.464           0.260           0.911           0.029           0.011          -0.030
 950           0.018           0.107           0.798           0.877           0.837           0.906           0.434           0.239           0.877           0.037          -0.086          -0.047
 951           0.002           0.053           0.773           0.898           0.812           0.859           0.483           0.181           0.793           0.128          -0.036          -0.084
 952           0.096           0.082           0.919           0.798           0.747           0.810           0.198           0.271           0.882           0.110          -0.032          -0.118
 953           0.036           0.076           0.792           0.934           0.861           0.871           0.483           0.217           0.900           0.196           0.028           0.064
 954           0.085           0.040           0.772           0.886           0.916           0.870           0.430           0.235           0.924          -0.131           0.190           0.138
 955          -0.059          -0.024           0.340           0.516           0.511           0.488           0.769           0.307           0.905          -0.039          -0.098          -0.084
 956          -0.017           0.052           0.809           0.881           0.860           0.935           0.406           0.223           0.877           0.017           0.007          -0.051
 957           0.058           0.045           0.382           0.523           0.470           0.548           0.420           0.281           0.909           0.137           0.107           0.186
 958          -0.032          -0.056           0.364           0.537           0.532           0.590           0.384           0.267           0.921          -0.114           0.038           0.093
 959           0.004           0.004           0.438           0.501           0.459           0.486           0.430           0.308           0.919          -0.122          -0.072          -0.174
 960           0.051           0.099           0.425           0.507           0.491           0.561           0.441           0.287           0.899           0.085          -0.112          -0.191
 961          -0.060          -0.130           0.402           0.539           0.479           0.554           0.452           0.285           0.897           0.031          -0.071          -0.006
 962           0.033          -0.015           0.497           0.557           0.504           0.594           0.385           0.224           0.851           0.002           0.066           0.108
 963           0.039           0.011           0.377           0.549           0.491           0.561           0.437           0.293           0.883           0.054           0.050           0.164
 964           0.018           0.097           0.402           0.511           0.517           0.547           0.430           0.256           0.861           0.158           0.062           0.054
 965           0.046           0.003           0.548           0.589           0.561           0.601           0.324           0.279           0.788          -0.020           0.047           0.151
 966           0.033           0.118           0.121           0.085           0.085           0.080           0.011           0.880           0.039           0.051           0.106           0.111
 967           0.037          -0.003           0.124           0.088           0.094           0.087           0.003           0.938           0.043          -0.015          -0.005          -0.109
 968           0.022          -0.006           0.126           0.080           0.091           0.081          -0.002           0.934           0.067           0.014          -0.005          -0.106
 969           0.022          -0.031           0.160           0.123           0.130           0.111           0.007           0.941           0.021          -0.075          -0.008           0.014
 970          -0.025           0.030           0.224           0.203           0.206           0.217           0.113           0.657          -0.017          -0.009           0.096           0.042
 971           0.001           0.052           0.094           0.110           0.087           0.109          -0.002           0.775           0.042           0.106           0.053           0.117
 972           0.004           0.054           0.120           0.076           0.082           0.079           0.006           0.929           0.067           0.054          -0.084          -0.139
 973          -0.129          -0.100           0.124           0.080           0.090           0.081           0.010           0.944           0.063           0.058          -0.007           0.007
 974           0.047           0.053           0.116           0.071           0.081           0.076          -0.006           0.936           0.045           0.175           0.008           0.004
 975           0.048           0.155           0.120           0.078           0.086           0.078          -0.000           0.932           0.071           0.243           0.105           0.162
 976           0.091           0.103           0.121           0.080           0.089           0.080          -0.008           0.937           0.071           0.160           0.001           0.041
 977          -0.033          -0.053           0.119           0.078           0.088           0.077           0.005           0.942           0.071           0.103           0.118           0.107
 978           0.121           0.131           0.046           0.048           0.040           0.047           0.035           0.885           0.058           0.047           0.064           0.027
 979           0.084           0.083           0.154           0.126           0.124           0.106          -0.006           0.915           0.006           0.006           0.017           0.023
 980          -0.006          -0.071           0.152           0.120           0.119           0.104           0.006           0.938           0.021          -0.054          -0.090          -0.097
 981           0.160           0.140           0.205           0.198           0.183           0.180           0.059           0.738           0.010           0.035          -0.014          -0.052
 982           0.122           0.110           0.141           0.148           0.138           0.137           0.068           0.744          -0.007          -0.038           0.109           0.134
 983           0.029           0.075           0.130           0.089           0.097           0.083           0.039           0.913           0.053           0.065          -0.077          -0.193
 984          -0.070          -0.114           0.117           0.078           0.086           0.075           0.005           0.930           0.059          -0.130           0.028           0.028
 985          -0.013           0.016           0.143           0.120           0.123           0.107           0.034           0.850           0.003          -0.035          -0.018           0.011
 986           0.009          -0.017           0.120           0.080           0.092           0.081           0.003           0.943           0.063          -0.012          -0.010           0.130
 987           0.059           0.042           0.118           0.078           0.086           0.075          -0.001           0.943           0.047          -0.114           0.176           0.097
 988          -0.159          -0.137           0.106           0.064           0.071           0.058           0.015           0.894           0.038          -0.181          -0.078          -0.066
 989          -0.087          -0.048           0.147           0.104           0.107           0.101           0.021           0.928           0.074          -0.014          -0.153          -0.103
 990           0.090           0.091           0.122           0.084           0.091           0.081           0.003           0.936           0.067           0.041           0.115           0.141
 991          -0.112          -0.073           0.117           0.076           0.082           0.075           0.002           0.926           0.072          -0.029           0.033           0.048
 992          -0.007          -0.039           0.138           0.105           0.108           0.094          -0.012           0.965           0.023          -0.015           0.089           0.113
 993          -0.153          -0.188           0.120           0.080           0.085           0.076           0.010           0.926           0.076          -0.109           0.145           0.206
 994           0.017           0.083           0.126           0.065           0.084           0.082           0.081           0.456           0.097           0.026          -0.116          -0.139
 995           0.102           0.105           0.109           0.079           0.090           0.073          -0.007           0.875           0.040           0.070           0.020          -0.043
 996           0.042          -0.007           0.138           0.106           0.108           0.092          -0.008           0.932           0.022          -0.063           0.085           0.149
 997           0.031          -0.007          -0.091          -0.142          -0.090          -0.132          -0.136           0.692          -0.020           0.071           0.013          -0.082
 998           0.123           0.133           0.129           0.087           0.091           0.090           0.026           0.919           0.079           0.125           0.024           0.059
 999           0.072           0.016           0.143           0.093           0.097           0.110           0.122           0.685           0.090           0.074          -0.103          -0.026
1000          -0.036          -0.028           0.132           0.103           0.087           0.107          -0.143           0.724           0.000          -0.069           0.149           0.251
1001           0.100           0.077           0.153           0.136           0.131           0.111          -0.049           0.794          -0.061           0.104           0.087           0.068
1002           0.010           0.016           0.072           0.062           0.081           0.059          -0.092           0.735          -0.006           0.069          -0.018          -0.119
1003           0.077           0.017           0.208           0.251           0.174           0.238           0.045           0.538          -0.085          -0.022          -0.021          -0.042
1004          -0.085          -0.202           0.051           0.048           0.040           0.027           0.019           0.868           0.074          -0.244          -0.011          -0.065
1005          -0.078          -0.087           0.161           0.120           0.119           0.111          -0.013           0.966           0.020           0.064          -0.078          -0.040
1006           0.022          -0.038           0.136           0.103           0.114           0.090          -0.048           0.946           0.014          -0.054           0.083           0.169
1007           0.035           0.096           0.130           0.090           0.095           0.085           0.005           0.949           0.058           0.054           0.123           0.106
1008           0.997           0.745           0.129           0.088           0.094           0.083          -0.002           0.954           0.060           0.184           0.204           0.212
1009           0.997           0.746           0.133           0.090           0.099           0.086          -0.003           0.963           0.052           0.183           0.204           0.210
1010           0.997           0.746           0.128           0.087           0.093           0.083           0.001           0.949           0.060           0.184           0.203           0.210
1011           0.997           0.746           0.385           0.490           0.436           0.499           0.470           0.293           0.913           0.184           0.204           0.210
1012           0.997           0.746           0.412           0.447           0.456           0.476           0.466           0.295           0.913           0.184           0.204           0.210
1013           0.997           0.746           0.606           0.635           0.595           0.677           0.380           0.315           0.914           0.184           0.202           0.209
1014           0.980           0.739           0.401           0.435           0.422           0.490           0.447           0.279           0.913           0.161           0.175           0.189
1015           0.002           0.008           0.334           0.443           0.387           0.472           0.416           0.310           0.859           0.087           0.047          -0.060
1016           0.047           0.092           0.124           0.100           0.091           0.153           0.120           0.303           0.170          -0.001           0.154           0.024
1017           0.055           0.098           0.113           0.087           0.078           0.140           0.091           0.289           0.183          -0.015           0.113          -0.002
1018           0.055           0.099           0.111           0.089           0.076           0.141           0.099           0.283           0.188          -0.015           0.112          -0.004
1019           0.053           0.096           0.152           0.095           0.079           0.156           0.036           0.325           0.172          -0.021           0.130           0.006
1020           0.055           0.099           0.039           0.016           0.013           0.034           0.084           0.298           0.148          -0.019           0.137           0.022
1021           0.053           0.097           0.094           0.063           0.060           0.113           0.087           0.317           0.172          -0.015           0.112          -0.002
1022           0.101           0.144           0.368           0.435           0.450           0.479           0.436           0.307           0.862           0.948           0.491           0.929
1023           0.125           0.166           0.560           0.630           0.553           0.633           0.358           0.325           0.850           0.992           0.529           0.938
1024           0.114           0.155           0.367           0.416           0.413           0.488           0.427           0.266           0.886           0.987           0.524           0.911
1025           0.137           0.180           0.590           0.702           0.640           0.708           0.364           0.196           0.850           0.983           0.521           0.872
1026           0.135           0.176           0.612           0.688           0.659           0.735           0.461           0.258           0.902           0.996           0.537           0.946
1027           0.119           0.165           0.561           0.646           0.628           0.615           0.368           0.288           0.858           0.982           0.496           0.887
1028           0.137           0.186           0.615           0.665           0.636           0.723           0.404           0.161           0.736           0.989           0.541           0.948
1029           0.125           0.151           0.588           0.691           0.632           0.673           0.371           0.309           0.729           0.977           0.513           0.885
1030           0.132           0.174           0.711           0.584           0.551           0.626           0.418           0.271           0.918           0.989           0.534           0.938
1031           0.139           0.177           0.603           0.737           0.678           0.701           0.406           0.288           0.854           0.994           0.524           0.921
1032           0.128           0.165           0.577           0.676           0.718           0.696           0.334           0.301           0.869           0.977           0.499           0.943
1033           0.136           0.186           0.323           0.462           0.461           0.446           0.481           0.270           0.899           0.991           0.522           0.951
1034           0.127           0.173           0.628           0.677           0.662           0.759           0.351           0.238           0.909           0.996           0.533           0.951
1035           0.133           0.175           0.365           0.447           0.398           0.471           0.443           0.294           0.875           0.996           0.549           0.961
1036           0.130           0.167           0.351           0.496           0.477           0.544           0.419           0.278           0.907           0.994           0.537           0.946
1037           0.135           0.177           0.417           0.441           0.386           0.421           0.466           0.329           0.880           0.303           0.538           0.912
1038           0.127           0.167           0.396           0.446           0.426           0.489           0.444           0.287           0.922           0.323           0.531           0.949
1039           0.134           0.172           0.379           0.469           0.409           0.481           0.465           0.301           0.921           0.995           0.527           0.950
1040           0.133           0.173           0.442           0.500           0.459           0.535           0.399           0.279           0.927           0.996           0.532           0.951
1041           0.130           0.163           0.400           0.487           0.431           0.492           0.463           0.311           0.902           0.991           0.541           0.930
1042           0.133           0.170           0.396           0.434           0.452           0.462           0.454           0.295           0.935           0.996           0.532           0.951
1043           0.131           0.167           0.599           0.631           0.591           0.665           0.361           0.312           0.917           0.995           0.527           0.952
1044           0.132           0.170           0.377           0.418           0.416           0.476           0.429           0.294           0.923           0.996           0.529           0.947
1045           0.134           0.179           0.978           0.844           0.808           0.865           0.248           0.214           0.911           0.994           0.562           0.954
1046          -0.035          -0.079           0.825           0.974           0.904           0.913           0.467           0.244           0.857           0.024          -0.070          -0.127
1047           0.064           0.108           0.827           0.932           0.964           0.926           0.468           0.191           0.886          -0.001           0.135           0.152
1048          -0.038          -0.043           0.381           0.577           0.562           0.544           0.748           0.284           0.902          -0.028          -0.117          -0.174
1049          -0.108          -0.128           0.818           0.858           0.878           0.910           0.336           0.204           0.813           0.023           0.078          -0.118
1050           0.077           0.155           0.670           0.756           0.691           0.764           0.220           0.149           0.916           0.094           0.011           0.173
1051           0.082           0.092           0.701           0.733           0.725           0.763           0.169           0.150           0.857          -0.013           0.115           0.070
1052          -0.012          -0.082           0.683           0.751           0.697           0.705           0.251           0.193           0.912          -0.015           0.017           0.021
1053          -0.013          -0.082           0.714           0.746           0.721           0.780           0.235           0.159           0.912          -0.015           0.018           0.019
1054           0.032           0.053           0.696           0.775           0.709           0.769           0.247           0.168           0.918           0.056           0.150           0.153
1055           0.023          -0.012           0.772           0.646           0.598           0.667           0.153           0.158           0.915           0.126          -0.093          -0.179
1056           0.037           0.065           0.681           0.798           0.735           0.781           0.254           0.159           0.913          -0.028           0.096           0.143
1057          -0.031           0.039           0.676           0.745           0.765           0.758           0.241           0.155           0.922           0.009          -0.037          -0.027
1058          -0.013           0.055           0.460           0.613           0.600           0.571           0.657           0.213           0.924           0.027          -0.054          -0.056
1059          -0.015           0.052           0.702           0.726           0.715           0.778           0.216           0.140           0.924           0.029          -0.046          -0.048
1060           0.095           0.119           0.798           0.934           0.867           0.914           0.417           0.211           0.932           0.070          -0.031          -0.165
1061           0.023          -0.039           0.825           0.911           0.885           0.932           0.358           0.220           0.929          -0.018           0.047           0.089
1062          -0.063          -0.035           0.700           0.795           0.790           0.728           0.380           0.226           0.899           0.003          -0.147          -0.087
1063          -0.031           0.011           0.802           0.882           0.850           0.917           0.421           0.227           0.850           0.052          -0.108          -0.153
1064          -0.023           0.047           0.774           0.908           0.833           0.883           0.447           0.176           0.883           0.033          -0.123          -0.149
1065           0.012           0.088           0.953           0.812           0.781           0.832           0.230           0.224           0.920           0.086          -0.118          -0.176
1066           0.071           0.086           0.799           0.959           0.885           0.878           0.441           0.213           0.930           0.157          -1.000          -1.000
1067          -1.000          -1.000           0.783           0.903           0.944           0.886           0.420           0.219           0.932           0.002           0.001           0.058
1068           0.033           0.027           0.374           0.566           0.569           0.537           0.737           0.298           0.932           0.077          -0.060          -0.180
1069           0.077           0.082           0.822           0.896           0.887           0.948           0.386           0.205           0.932          -0.102          -0.036          -0.150
1070           0.096           0.127           0.737           0.872           0.801           0.856           0.433           0.202           0.931           0.076          -0.063          -0.172
1071          -1.000          -1.000           0.765           0.852           0.823           0.875           0.360           0.207           0.932          -1.000          -1.000          -1.000
1072           0.265           0.291           0.709           0.807           0.794           0.742           0.453           0.212           0.933          -0.016          -0.010          -0.071
1073          -0.055          -0.034           0.765           0.839           0.805           0.870           0.480           0.190           0.903           0.130           0.007          -0.122
1074           0.123           0.145           0.723           0.862           0.783           0.821           0.461           0.204           0.933          -0.098           0.032           0.158
1075          -0.117          -0.159           0.884           0.736           0.700           0.753           0.180           0.218           0.927          -0.214          -0.013          -0.062
1076           0.048           0.032           0.731           0.877           0.825           0.802           0.456           0.209           0.932           0.170          -0.048          -0.108
1077          -0.034          -0.030           0.717           0.837           0.877           0.823           0.430           0.200           0.934           0.003          -0.053           0.085
1078           0.230           0.261           0.334           0.511           0.511           0.487           0.755           0.275           0.935           0.078           0.016          -0.045
1079           0.100           0.056           0.720           0.792           0.779           0.855           0.367           0.167           0.858           0.118          -0.075          -0.113
1080          -0.036          -0.093           0.319           0.515           0.481           0.472           0.943           0.159           0.862          -0.043           0.038           0.103
1081          -0.025          -0.071           0.379           0.589           0.550           0.536           0.906           0.156           0.848          -0.068           0.048           0.147
1082           0.044          -0.005           0.325           0.465           0.505           0.480           0.744           0.252           0.778          -0.037           0.074           0.178
1083           0.051          -0.021           0.297           0.514           0.470           0.465           0.936           0.160           0.879          -0.006           0.144           0.164
1084           0.034          -0.031           0.297           0.508           0.478           0.469           0.973           0.207           0.919          -0.003          -0.001           0.001
1085           0.043           0.012           0.453           0.564           0.581           0.549           0.773           0.189           0.821          -0.064           0.086           0.018
1086           0.026          -0.026           0.301           0.503           0.476           0.459           0.918           0.224           0.833           0.006           0.080           0.052
1087          -0.010           0.014           0.282           0.504           0.472           0.469           0.870           0.164           0.863           0.035          -0.040          -0.136
1088           0.069           0.023           0.385           0.378           0.371           0.376           0.474           0.295           0.900          -0.099           0.164           0.207
1089          -0.037           0.002           0.331           0.510           0.477           0.469           0.897           0.195           0.821           0.033          -0.231          -0.252
1090           0.079           0.134           0.786           0.913           0.839           0.900           0.446           0.226           0.916           0.036          -0.049          -0.078
1091          -0.003           0.040           0.813           0.903           0.860           0.917           0.359           0.231           0.916           0.028          -0.074          -0.108
1092           0.085           0.005           0.760           0.855           0.833           0.795           0.478           0.268           0.906          -0.055           0.142           0.166
1093          -0.152          -0.142           0.807           0.882           0.843           0.907           0.460           0.229           0.901          -0.042          -0.061          -0.033
1094           0.079           0.042           0.782           0.905           0.830           0.873           0.491           0.249           0.886          -0.034           0.100           0.176
1095           0.091           0.163           0.922           0.788           0.751           0.813           0.213           0.237           0.900           0.166          -0.052          -0.170
1096           0.008          -0.027           0.733           0.867           0.812           0.811           0.434           0.089           0.724           0.034           0.151           0.137
1097          -0.017           0.041           0.776           0.886           0.912           0.874           0.449           0.239           0.910           0.023           0.127           0.202
1098           0.005          -0.024           0.343           0.517           0.507           0.489           0.775           0.289           0.914          -0.089           0.165           0.138
1099          -0.001          -0.019           0.817           0.882           0.863           0.927           0.430           0.230           0.912           0.154           0.053           0.145
1100           0.079          -0.002           0.383           0.512           0.461           0.537           0.414           0.284           0.914           0.012           0.038           0.029
1101          -0.226          -0.278           0.048           0.115           0.053           0.079          -0.051           0.096          -0.173          -0.324           0.105           0.170
1102           0.006           0.016           0.433           0.511           0.458           0.496           0.437           0.308           0.910          -0.026           0.041           0.112
1103          -0.018          -0.007           0.415           0.506           0.489           0.552           0.433           0.272           0.916           0.124           0.153           0.106
1104           0.058           0.100           0.393           0.535           0.480           0.554           0.447           0.278           0.914          -0.006           0.013           0.016
1105           0.118           0.097           0.497           0.560           0.523           0.595           0.367           0.247           0.901           0.002           0.062           0.148
1106           0.090           0.133           0.380           0.552           0.502           0.566           0.456           0.250           0.900          -0.209          -0.104          -0.108
1107           0.138           0.130           0.396           0.487           0.508           0.518           0.423           0.281           0.918           0.054          -0.047          -0.075
1108           0.014           0.056           0.584           0.629           0.590           0.644           0.354           0.321           0.898           0.015          -0.053          -0.047
1109           0.000          -0.068           0.403           0.491           0.483           0.551           0.419           0.251           0.912          -0.089          -0.005           0.032
1110          -0.027           0.038           0.247           0.434           0.394           0.442           0.328           0.248           0.887           0.062          -0.094           0.012
1111           0.077           0.006           0.290           0.464           0.455           0.495           0.329           0.214           0.914          -0.029           0.032           0.041
1112           0.089           0.096           0.272           0.431           0.372           0.430           0.326           0.215           0.932           0.046          -0.035          -0.051
1113           0.045          -0.037           0.275           0.421           0.409           0.437           0.356           0.255           0.816          -0.021           0.059           0.076
1114           0.274           0.307           0.245           0.439           0.395           0.450           0.354           0.210           0.928           0.306          -0.082           0.050
1115           0.055          -0.003           0.420           0.509           0.451           0.536           0.327           0.175           0.835          -0.012           0.025          -0.014
1116          -0.039          -0.020           0.255           0.453           0.415           0.466           0.353           0.180           0.927          -0.039           0.011           0.026
1117          -0.000           0.067           0.278           0.439           0.431           0.456           0.391           0.222           0.892           0.067          -0.031          -0.015
1118          -0.017           0.068           0.510           0.479           0.475           0.557           0.327           0.305           0.859           0.025          -0.073          -0.100
1119           0.208           0.195           0.239           0.398           0.388           0.419           0.350           0.214           0.922           0.043           0.111           0.138
1120          -0.091          -0.111           0.357           0.490           0.448           0.517           0.411           0.287           0.930           0.084           0.052           0.145
1121           0.130           0.124           0.372           0.536           0.520           0.588           0.403           0.258           0.892          -0.096           0.109           0.181
1122           0.116           0.115           0.382           0.465           0.405           0.443           0.406           0.241           0.688          -0.047           0.090           0.080
1123           0.008           0.039           0.435           0.513           0.496           0.547           0.426           0.268           0.914           0.056          -0.006          -0.021
1124          -0.113          -0.121           0.383           0.521           0.463           0.537           0.451           0.276           0.916           0.034           0.053           0.074
1125          -0.030          -0.024           0.417           0.445           0.427           0.490           0.364           0.198           0.691           0.103           0.063           0.059
1126           0.011           0.072           0.379           0.526           0.474           0.534           0.449           0.108           0.528           0.127           0.062           0.243
1127           0.028           0.101           0.384           0.503           0.489           0.530           0.449           0.273           0.901           0.122          -0.094           0.009
1128           0.058           0.010           0.585           0.616           0.578           0.647           0.322           0.319           0.914          -0.066          -0.061          -0.097
1129           0.067           0.027           0.402           0.471           0.464           0.526           0.416           0.271           0.913          -0.070           0.047           0.080
1130           0.070           0.118           0.325           0.429           0.385           0.468           0.425           0.229           0.821          -0.042          -0.148          -0.097
1131           0.041           0.099           0.326           0.470           0.453           0.515           0.428           0.192           0.932           0.041           0.072           0.083
1132           0.017          -0.054           0.412           0.429           0.379           0.408           0.408           0.327           0.641          -0.010           0.128           0.144
1133           0.065          -0.024           0.378           0.438           0.420           0.485           0.441           0.262           0.923          -0.012           0.017           0.033
1134           0.057           0.059           0.330           0.473           0.406           0.497           0.470           0.202           0.834           0.054          -0.085          -0.198
1135           0.040           0.015           0.416           0.477           0.438           0.507           0.391           0.204           0.888          -0.011           0.068           0.169
1136           0.015          -0.029           0.369           0.487           0.436           0.500           0.461           0.307           0.869          -0.052           0.075          -0.052
1137           0.093           0.057           0.345           0.414           0.438           0.449           0.438           0.272           0.923           0.026           0.008          -0.058
1138           0.103           0.066           0.560           0.637           0.564           0.635           0.348           0.314           0.914          -0.053           0.116          -0.067
1139          -0.059           0.018           0.380           0.434           0.418           0.491           0.445           0.180           0.801           0.029           0.164           0.138
1140          -0.029           0.030           0.610           0.519           0.479           0.557           0.326           0.237           0.905          -0.044          -0.024          -0.118
1141           0.000           0.007           0.204           0.240           0.252           0.258           0.155           0.256           0.790           0.053          -0.071          -0.040
1142           0.098           0.062           0.347           0.386           0.336           0.401           0.328           0.168           0.755          -0.034           0.013           0.218
1143           0.094           0.052           0.479           0.584           0.537           0.555           0.423           0.274           0.865           0.100           0.036           0.038
1144          -0.043          -0.033           0.571           0.674           0.605           0.656           0.486           0.246           0.903           0.025          -0.197          -0.213
1145           0.002          -0.093           0.512           0.571           0.575           0.539           0.279           0.211           0.915           0.030          -0.051          -0.110
1146           0.041          -0.037           0.549           0.478           0.450           0.485           0.291           0.253           0.886          -0.002          -0.008          -0.074
1147          -0.056           0.005           0.499           0.600           0.547           0.571           0.393           0.211           0.879          -0.075           0.119           0.169
1148           0.163           0.164           0.135           0.189           0.188           0.149           0.205           0.173           0.921          -0.017           0.121           0.151
1149           0.023           0.069           0.689           0.586           0.557           0.625           0.352           0.234           0.903           0.205          -0.048          -0.209
1150           0.084           0.042           0.308           0.295           0.293           0.259           0.212           0.198           0.817           0.089           0.145           0.135
1151          -0.029          -0.073           0.409           0.452           0.439           0.486           0.357           0.250           0.906          -0.036          -0.085           0.003
1152          -0.019           0.064           0.429           0.527           0.487           0.545           0.285           0.168           0.875          -0.021          -0.129          -0.137
1153           0.028           0.026           0.368           0.436           0.395           0.459           0.184           0.233           0.836           0.063          -0.027           0.084
1154           0.000           0.034           0.408           0.441           0.373           0.413           0.466           0.304           0.902           0.103          -0.041           0.098
1155           0.742           0.969           0.416           0.424           0.403           0.447           0.433           0.288           0.694           0.164           0.197           0.189
1156           0.748           0.988           0.392           0.483           0.431           0.487           0.452           0.292           0.891           0.190           0.232           0.239
1157           0.753           0.986           0.439           0.506           0.459           0.544           0.417           0.286           0.882           0.188           0.224           0.225
1158           0.752           0.985           0.372           0.477           0.423           0.478           0.461           0.285           0.921           0.170           0.153           0.200
1159           0.749           0.987           0.415           0.456           0.454           0.481           0.467           0.307           0.897           0.188           0.213           0.234
1160           0.751           0.984           0.604           0.636           0.587           0.676           0.388           0.303           0.898           0.187           0.218           0.225
1161           0.753           0.976           0.406           0.439           0.424           0.493           0.451           0.283           0.906           0.182           0.194           0.210
1162           0.005           0.002           0.354           0.456           0.398           0.481           0.437           0.212           0.846          -0.080          -0.004          -0.044
1163           0.055           0.115           0.194           0.234           0.152           0.228           0.212           0.049           0.251           0.048           0.145           0.142
1164           0.065           0.111           0.185           0.236           0.149           0.219           0.216           0.025           0.260          -0.004           0.112          -0.000
1165           0.057           0.104           0.245           0.265           0.196           0.286           0.187           0.094           0.043          -0.009           0.125           0.000
1166           0.065           0.112           0.185           0.224           0.143           0.211           0.213           0.034           0.250          -0.002           0.112          -0.000
1167           0.065           0.112           0.199           0.241           0.150           0.221           0.224           0.027           0.265          -0.003           0.111          -0.000
1168           0.065           0.113           0.203           0.242           0.156           0.232           0.221           0.038           0.270          -0.002           0.112          -0.000
1169           0.066           0.113           0.207           0.251           0.160           0.228           0.222           0.035           0.264          -0.002           0.112          -0.000
1170           0.065           0.111           0.203           0.246           0.161           0.231           0.223           0.014           0.243          -0.004           0.111           0.000
1171           0.094           0.187           0.385           0.441           0.423           0.501           0.435           0.266           0.915           0.421           0.530           0.911
1172           0.128           0.227           0.595           0.707           0.640           0.724           0.393           0.258           0.921           0.428           0.528           0.945
1173           0.124           0.226           0.611           0.689           0.659           0.730           0.427           0.253           0.839           0.442           0.535           0.940
1174           0.132           0.235           0.556           0.639           0.612           0.611           0.321           0.220           0.862           0.432           0.509           0.943
1175           0.116           0.215           0.625           0.680           0.654           0.718           0.369           0.254           0.784           0.430           0.542           0.923
1176           0.130           0.229           0.578           0.680           0.619           0.661           0.372           0.300           0.621           0.442           0.532           0.935
1177           0.147           0.245           0.576           0.676           0.610           0.665           0.439           0.212           0.870           0.420           0.485           0.879
1178           0.134           0.239           0.585           0.731           0.662           0.701           0.397           0.286           0.922           0.441           0.443           0.802
1179           0.133           0.225           0.562           0.662           0.701           0.679           0.390           0.217           0.909           0.439           0.515           0.911
1180           0.133           0.230           0.330           0.480           0.474           0.461           0.491           0.190           0.925           0.437           0.513           0.928
1181           0.133           0.235           0.599           0.653           0.626           0.724           0.323           0.168           0.852           0.429           0.527           0.943
1182           0.138           0.242           0.355           0.430           0.390           0.456           0.426           0.288           0.924           0.448           0.537           0.924
1183           0.121           0.229           0.359           0.503           0.480           0.560           0.428           0.281           0.901           0.438           0.531           0.937
1184           0.126           0.231           0.419           0.449           0.390           0.432           0.461           0.298           0.911           0.442           0.541           0.960
1185           0.127           0.231           0.408           0.451           0.428           0.501           0.454           0.287           0.901           0.438           0.528           0.956
1186           0.126           0.228           0.388           0.475           0.414           0.494           0.477           0.295           0.908           0.440           0.543           0.954
1187           0.130           0.228           0.443           0.513           0.470           0.547           0.429           0.268           0.890           0.440           0.534           0.939
1188           0.126           0.212           0.377           0.496           0.441           0.514           0.466           0.298           0.890           0.438           0.476           0.903
1189           0.123           0.226           0.400           0.450           0.453           0.473           0.460           0.298           0.926           0.436           0.475           0.763
1190           0.116           0.219           0.598           0.625           0.588           0.662           0.365           0.337           0.929           0.428           0.486           0.789
1191           0.124           0.227           0.380           0.420           0.413           0.478           0.433           0.283           0.933           0.432           0.521           0.948
1192           0.122           0.226           0.379           0.420           0.413           0.479           0.431           0.277           0.934           0.430           0.472           0.771
1193           0.023          -0.033           0.820           0.955           0.891           0.876           0.443           0.226           0.711          -0.052           0.276           0.173
1194          -0.080          -0.113           0.821           0.927           0.951           0.921           0.468           0.203           0.905          -0.092          -0.126          -0.145
1195           0.023          -0.038           0.398           0.591           0.582           0.563           0.739           0.337           0.857           0.030           0.118           0.189
1196           0.007          -0.034           0.856           0.920           0.896           0.971           0.434           0.219           0.844           0.052           0.107           0.086
1197           0.041           0.028           0.657           0.749           0.679           0.756           0.240           0.179           0.882           0.032           0.055           0.122
1198           0.133           0.062           0.697           0.731           0.709           0.777           0.201           0.148           0.910           0.013           0.079           0.072
1199          -0.042          -0.023           0.690           0.755           0.707           0.709           0.249           0.170           0.908           0.062           0.116           0.178
1200           0.007          -0.047           0.716           0.747           0.722           0.782           0.247           0.159           0.917           0.013          -0.074          -0.051
1201           0.071           0.110           0.697           0.778           0.708           0.775           0.265           0.161           0.910           0.066          -0.064          -0.050
1202           0.079           0.093           0.765           0.626           0.577           0.642           0.152           0.152           0.930           0.108           0.037           0.072
1203           0.022           0.073           0.683           0.795           0.733           0.782           0.265           0.145           0.901           0.135           0.065          -0.093
1204           0.051           0.072           0.684           0.752           0.767           0.764           0.256           0.169           0.904           0.051           0.056           0.046
1205          -0.041          -0.009           0.461           0.621           0.604           0.580           0.662           0.182           0.921          -0.053           0.014          -0.024
1206           0.125           0.084           0.705           0.727           0.707           0.780           0.233           0.134           0.900          -0.017           0.036           0.191
1207           0.070           0.061           0.808           0.934           0.864           0.923           0.454           0.191           0.910           0.105           0.093           0.076
1208          -0.115          -0.164           0.828           0.913           0.881           0.937           0.384           0.207           0.913          -0.183           0.015          -0.145
1209           0.042           0.040           0.777           0.877           0.858           0.818           0.483           0.225           0.911          -0.073           0.034          -0.136
1210           0.040           0.038           0.827           0.903           0.871           0.930           0.458           0.200           0.911          -0.070           0.033          -0.136
1211           0.080           0.132           0.803           0.928           0.853           0.902           0.497           0.215           0.902           0.165           0.071           0.108
1212          -0.088          -0.128           0.935           0.798           0.756           0.817           0.244           0.218           0.911          -0.038           0.163           0.217
1213           0.022           0.036           0.941           0.813           0.783           0.826           0.237           0.242           0.865          -0.009           0.034          -0.069
1214           0.046           0.108           0.801           0.953           0.882           0.896           0.486           0.205           0.909           0.018          -0.025          -0.072
1215          -0.035           0.021           0.352           0.528           0.556           0.504           0.733           0.146           0.689          -0.032           0.095           0.053
1216           0.002           0.056           0.309           0.489           0.539           0.466           0.659           0.315           0.830           0.010           0.024           0.110
1217          -0.105          -0.079           0.779           0.837           0.872           0.889           0.334           0.236           0.848           0.017          -0.010           0.088
1218          -0.102          -0.130           0.724           0.837           0.789           0.837           0.453           0.114           0.809          -0.145           0.022           0.018
1219           0.055           0.017           0.765           0.853           0.809           0.873           0.402           0.195           0.899           0.190           0.091           0.018
1220           0.104           0.123           0.715           0.816           0.793           0.757           0.500           0.242           0.879           0.156          -0.011          -0.031
1221          -0.051          -0.065           0.770           0.843           0.809           0.869           0.484           0.212           0.865          -0.140          -0.122           0.093
1222           0.026           0.055           0.739           0.871           0.795           0.837           0.499           0.200           0.921           0.100          -0.030          -0.038
1223          -0.069          -0.056           0.886           0.748           0.710           0.775           0.256           0.178           0.872          -0.067          -0.051          -0.154
1224          -0.079          -0.053           0.746           0.900           0.827           0.835           0.489           0.201           0.921           0.083          -0.053          -0.123
1225           0.054           0.077           0.730           0.845           0.881           0.837           0.462           0.201           0.924          -0.040          -0.034           0.086
1226           0.007           0.030           0.340           0.517           0.513           0.491           0.770           0.284           0.927           0.077          -0.007           0.108
1227           0.040           0.110           0.768           0.838           0.823           0.898           0.428           0.194           0.924           0.132           0.127           0.144
1228           0.109           0.089           0.302           0.506           0.474           0.459           0.950           0.202           0.924           0.035          -0.064           0.072
1229          -0.114          -0.084           0.305           0.476           0.495           0.482           0.827           0.200           0.924           0.012          -0.020          -0.117
1230           0.063           0.119           0.305           0.510           0.471           0.463           0.950           0.208           0.926          -0.104          -0.124          -0.027
1231           0.053           0.106           0.293           0.506           0.478           0.467           0.976           0.210           0.927          -0.092          -0.125          -0.028
1232          -0.007          -0.050           0.448           0.554           0.569           0.549           0.801           0.180           0.927          -0.042          -0.147          -0.051
1233          -0.030           0.001           0.322           0.510           0.480           0.477           0.936           0.200           0.904           0.007          -0.019           0.031
1234           0.095           0.101           0.294           0.512           0.486           0.489           0.860           0.211           0.887           0.018          -0.056          -0.125
1235           0.035           0.025           0.383           0.376           0.374           0.371           0.490           0.313           0.897           0.044          -0.014          -0.118
1236          -0.112          -0.072           0.333           0.513           0.482           0.472           0.899           0.201           0.900          -0.082           0.114           0.147
1237          -0.096          -0.069           0.778           0.903           0.822           0.893           0.469           0.200           0.899           0.029          -0.130          -0.136
1238           0.005          -0.042           0.797           0.898           0.844           0.908           0.357           0.254           0.884          -0.006          -0.000          -0.010
1239           0.149           0.120           0.756           0.856           0.833           0.790           0.460           0.255           0.923          -0.049          -0.086          -0.092
1240           0.047           0.093           0.806           0.885           0.843           0.904           0.439           0.244           0.907           0.154           0.015          -0.060
1241           0.053           0.095           0.780           0.911           0.828           0.875           0.467           0.259           0.899           0.170          -0.091          -0.156
1242           0.040           0.085           0.924           0.793           0.747           0.810           0.192           0.274           0.898           0.072           0.021          -0.061
1243           0.024           0.085           0.785           0.940           0.858           0.870           0.462           0.259           0.897           0.189          -0.079          -0.147
1244           0.021           0.081           0.770           0.886           0.910           0.873           0.439           0.267           0.896           0.179          -0.080          -0.134
1245          -0.027           0.036           0.347           0.527           0.513           0.501           0.769           0.326           0.896           0.150          -0.065          -0.138
1246          -0.030           0.035           0.806           0.880           0.852           0.931           0.413           0.248           0.895           0.151          -0.069          -0.138
1247          -0.029           0.032           0.376           0.514           0.460           0.542           0.415           0.302           0.894           0.151          -0.067          -0.141
1248          -0.023           0.037           0.392           0.563           0.542           0.618           0.398           0.289           0.895           0.150          -0.069          -0.138
1249          -0.026           0.060           0.417           0.500           0.444           0.492           0.445           0.267           0.900           0.017          -0.101          -0.132
1250           0.083           0.085           0.429           0.483           0.438           0.450           0.459           0.275           0.721           0.081           0.048          -0.035
1251           0.004           0.017           0.392           0.531           0.473           0.549           0.446           0.283           0.906          -0.078          -0.118          -0.012
1252          -0.016           0.052           0.502           0.564           0.522           0.602           0.388           0.242           0.838           0.037          -0.049          -0.093
1253           0.013          -0.033           0.381           0.544           0.491           0.552           0.429           0.260           0.905           0.043           0.089          -0.048
1254          -0.052           0.000           0.395           0.465           0.479           0.486           0.410           0.225           0.774          -0.015           0.120           0.118
1255           0.169           0.108           0.578           0.624           0.589           0.632           0.331           0.324           0.925          -0.010          -0.072          -0.083
1256           0.044           0.092           0.381           0.466           0.463           0.530           0.395           0.263           0.936           0.088           0.016          -0.079
1257           0.064           0.008           0.233           0.422           0.384           0.431           0.321           0.219           0.930           0.085           0.141           0.093
1258           0.026           0.006           0.193           0.183           0.170           0.141           0.057           0.607          -0.015           0.091           0.067           0.076
1259           0.014           0.025           0.131           0.101           0.110           0.100           0.058           0.455          -0.089           0.076           0.008          -0.050
1260          -0.042          -0.059           0.129           0.101           0.103           0.103           0.009           0.915           0.082          -0.043           0.059           0.094
1261           0.147           0.142          -0.005          -0.014           0.000          -0.028          -0.086           0.551           0.010           0.052           0.051           0.165
1262          -0.005           0.038           0.147           0.109           0.105           0.100           0.000           0.937           0.022           0.030          -0.034          -0.059
1263          -0.017          -0.062           0.171           0.135           0.146           0.122          -0.025           0.943           0.025          -0.071          -0.047           0.093
1264          -0.032           0.034           0.002          -0.005           0.037          -0.021          -0.163           0.347           0.036           0.122          -0.030          -0.126
1265          -0.054          -0.017           0.137           0.098           0.102           0.092          -0.003           0.957           0.055           0.119          -0.028          -0.156
1266          -0.010          -0.007           0.139           0.100           0.106           0.091          -0.007           0.962           0.045           0.077           0.031          -0.016
1267           0.177           0.154           0.134           0.098           0.103           0.090          -0.014           0.960           0.031           0.042          -0.052          -0.160
1268           0.059           0.094           0.111           0.065           0.084           0.060          -0.025           0.888           0.068           0.037           0.027          -0.063
1269          -0.036           0.012           0.242           0.246           0.222           0.251           0.131           0.769           0.046           0.009          -0.141          -0.126
1270          -0.035           0.011           0.168           0.181           0.163           0.177           0.074           0.780           0.048           0.036          -0.119          -0.109
1271           0.075           0.070           0.140           0.101           0.107           0.094          -0.008           0.947           0.030           0.141           0.023          -0.001
1272          -0.039          -0.026           0.113           0.072           0.079           0.069          -0.007           0.940           0.060           0.020          -0.117          -0.064
1273           0.083           0.097           0.121           0.078           0.087           0.079          -0.003           0.933           0.069          -0.062           0.044           0.106
1274           0.022           0.028           0.121           0.086           0.095           0.077          -0.015           0.935           0.043          -0.026          -0.026          -0.066
1275           0.033          -0.182           0.040           0.103           0.043           0.066          -0.051           0.075          -0.191          -0.269           0.114           0.178
1276          -0.229          -0.282           0.048           0.115           0.053           0.079          -0.051           0.096          -0.173          -0.325           0.105           0.172
1277           0.065           0.065           0.129           0.076           0.081           0.070          -0.017           0.871           0.151           0.049           0.026           0.077
1278           0.021          -0.016           0.159           0.098           0.099           0.101           0.037           0.890           0.032          -0.015          -0.031          -0.032
1279           0.003           0.075           0.130           0.096           0.096           0.095           0.012           0.928           0.065           0.029          -0.171          -0.217
1280           0.037           0.047           0.132           0.095           0.100           0.088          -0.002           0.948           0.057          -0.049          -0.008          -0.126
1281           0.015           0.025           0.147           0.110           0.114           0.097          -0.013           0.921           0.029           0.045          -0.044          -0.123
1282          -0.016           0.046           0.139           0.094           0.101           0.091           0.015           0.929           0.063           0.069          -0.081          -0.164
1283           0.123           0.133           0.123           0.081           0.088           0.079           0.003           0.939           0.061           0.006           0.015          -0.084
1284          -0.026          -0.003           0.128           0.088           0.095           0.086           0.003           0.951           0.057          -0.027          -0.142          -0.127
1285           0.043           0.032           0.120           0.080           0.086           0.078          -0.004           0.942           0.064          -0.048           0.156           0.248
1286          -0.012          -0.041           0.161           0.126           0.132           0.113          -0.007           0.928           0.006           0.016           0.015           0.020
1287           0.224           0.243           0.147           0.127           0.125           0.102          -0.029           0.721          -0.026           0.170          -0.053           0.032
1288           0.997           0.734           0.143           0.128           0.130           0.092          -0.059           0.501           0.035           0.176           0.202           0.185
1289           0.997           0.734           0.152           0.138           0.135           0.108          -0.031           0.618           0.015           0.177           0.187           0.195
1290           0.259           0.257           0.155           0.140           0.141           0.107          -0.020           0.633          -0.001           0.086           0.169           0.191
1291           0.260           0.257           0.145           0.126           0.134           0.095          -0.045           0.570           0.014           0.086           0.149           0.190
1292           0.997           0.735           0.148           0.135           0.135           0.104          -0.036           0.572           0.024           0.175           0.132           0.176
1293           0.997           0.734           0.149           0.135           0.130           0.105          -0.026           0.640           0.001           0.176           0.132           0.173
1294           0.990           0.729           0.147           0.129           0.129           0.096          -0.049           0.540           0.028           0.172           0.105           0.162
1295          -0.020           0.001           0.344           0.444           0.396           0.478           0.440           0.250           0.895          -0.123           0.002          -0.002
1296           0.059           0.104           0.163           0.144           0.138           0.147           0.080          -0.060           0.016          -0.011           0.083          -0.036
1297           0.060           0.104           0.169           0.150           0.157           0.152           0.100          -0.051           0.001          -0.011           0.083          -0.035
1298           0.063           0.109           0.148           0.128           0.133           0.108           0.072          -0.031           0.001          -0.013           0.015          -0.064
1299           0.063           0.106           0.141           0.152           0.160           0.153           0.215          -0.138          -0.005           0.012           0.020          -0.060
1300           0.040           0.093           0.150           0.138           0.136           0.134           0.081          -0.047           0.010           0.036           0.159           0.142
1301           0.059           0.104           0.150           0.137           0.138           0.135           0.085          -0.050          -0.002          -0.022           0.144           0.010
1302           0.059           0.103           0.162           0.148           0.147           0.145           0.076          -0.054          -0.004          -0.021           0.144           0.007
1303           0.097           0.197           0.566           0.640           0.573           0.636           0.333           0.315           0.922           0.426           0.511           0.903
1304           0.125           0.177           0.367           0.421           0.416           0.484           0.433           0.254           0.903           0.169           0.522           0.903
1305           0.123           0.230           0.599           0.709           0.647           0.727           0.389           0.255           0.923           0.431           0.520           0.904
1306           0.119           0.227           0.612           0.687           0.659           0.734           0.455           0.246           0.924           0.440           0.520           0.940
1307           0.120           0.216           0.568           0.649           0.631           0.617           0.367           0.317           0.762           0.427           0.528           0.916
1308           0.134           0.230           0.624           0.680           0.648           0.725           0.389           0.263           0.844           0.442           0.535           0.905
1309           0.128           0.227           0.566           0.670           0.603           0.675           0.421           0.219           0.913           0.435           0.541           0.954
1310           0.125           0.228           0.708           0.580           0.545           0.620           0.416           0.261           0.928           0.436           0.530           0.948
1311           0.137           0.239           0.592           0.730           0.661           0.704           0.411           0.239           0.917           0.432           0.522           0.952
1312           0.131           0.233           0.576           0.675           0.710           0.696           0.353           0.259           0.905           0.443           0.539           0.953
1313           0.121           0.222           0.343           0.510           0.482           0.492           0.498           0.249           0.905           0.415           0.497           0.917
1314           0.113           0.212           0.604           0.649           0.646           0.737           0.333           0.254           0.818           0.424           0.535           0.940
1315           0.125           0.227           0.383           0.458           0.402           0.482           0.446           0.299           0.908           0.441           0.546           0.953
1316           0.131           0.232           0.357           0.505           0.483           0.556           0.427           0.283           0.914           0.442           0.546           0.957
1317           0.126           0.217           0.435           0.442           0.392           0.416           0.457           0.324           0.823           0.427           0.537           0.919
1318           0.124           0.228           0.401           0.448           0.426           0.499           0.456           0.277           0.906           0.433           0.521           0.947
1319           0.121           0.223           0.369           0.457           0.401           0.472           0.462           0.291           0.928           0.423           0.518           0.943
1320           0.127           0.233           0.433           0.495           0.454           0.534           0.401           0.226           0.900           0.424           0.493           0.916
1321           0.126           0.228           0.380           0.496           0.441           0.504           0.472           0.286           0.918           0.429           0.519           0.937
1322           0.129           0.230           0.407           0.448           0.457           0.478           0.466           0.293           0.919           0.439           0.543           0.957
1323           0.124           0.229           0.591           0.626           0.588           0.660           0.355           0.308           0.823           0.427           0.531           0.950
1324           0.132           0.238           0.391           0.431           0.415           0.486           0.442           0.258           0.921           0.435           0.525           0.955
1325           0.130           0.233           0.984           0.849           0.817           0.862           0.192           0.222           0.934           0.431           0.525           0.950
1326           0.044           0.061           0.849           0.986           0.917           0.924           0.490           0.206           0.898          -0.037           0.112           0.153
1327           0.060           0.092           0.829           0.932           0.964           0.923           0.466           0.217           0.910           0.100          -0.078          -0.136
1328           0.007           0.036           0.383           0.569           0.564           0.540           0.748           0.279           0.914          -0.059          -0.055           0.036
1329           0.029          -0.027           0.868           0.926           0.911           0.982           0.438           0.205           0.903          -0.101           0.051           0.132
1330           0.066           0.033           0.672           0.752           0.696           0.748           0.211           0.169           0.867          -0.038           0.078           0.152
1331           0.062           0.035           0.683           0.728           0.708           0.774           0.227           0.184           0.885           0.011           0.191           0.119
1332           0.075           0.042           0.678           0.746           0.692           0.707           0.267           0.212           0.883           0.016           0.190           0.124
1333           0.068           0.047           0.702           0.737           0.708           0.775           0.248           0.179           0.883           0.013           0.195           0.138
1334           0.067           0.044           0.687           0.768           0.696           0.770           0.272           0.187           0.885           0.013           0.197           0.142
1335           0.066           0.042           0.757           0.631           0.581           0.657           0.189           0.188           0.886           0.013           0.192           0.131
1336           0.066           0.040           0.669           0.789           0.727           0.777           0.263           0.192           0.885           0.010           0.193           0.127
1337           0.072           0.039           0.666           0.739           0.756           0.758           0.258           0.193           0.885           0.012           0.191           0.125
1338           0.063           0.042           0.469           0.614           0.597           0.578           0.649           0.245           0.885           0.011           0.198           0.141
1339           0.076           0.051           0.690           0.720           0.704           0.777           0.233           0.175           0.884           0.018           0.195           0.134
1340           0.048           0.021           0.802           0.925           0.866           0.917           0.449           0.243           0.881          -0.042           0.172           0.155
1341           0.050           0.025           0.820           0.904           0.879           0.925           0.383           0.248           0.878          -0.045           0.166           0.149
1342           0.082           0.051           0.775           0.871           0.859           0.813           0.480           0.263           0.879          -0.026           0.132           0.090
1343           0.062           0.016           0.827           0.890           0.876           0.909           0.445           0.243           0.891          -0.018           0.068           0.096
1344           0.030          -0.017           0.795           0.927           0.850           0.884           0.484           0.202           0.915          -0.072           0.053           0.110
1345           0.016          -0.063           0.943           0.800           0.765           0.823           0.250           0.180           0.841          -0.030           0.083           0.053
1346          -0.048          -0.013           0.811           0.955           0.887           0.896           0.489           0.204           0.903           0.110           0.047           0.183
1347           0.047          -0.013           0.796           0.902           0.939           0.897           0.472           0.210           0.902          -0.051          -0.117          -0.171
1348           0.113           0.049           0.383           0.568           0.565           0.539           0.750           0.297           0.903           0.004           0.110           0.134
1349           0.061           0.010           0.824           0.886           0.883           0.937           0.417           0.248           0.864          -0.064           0.120           0.164
1350           0.080           0.055           0.736           0.865           0.793           0.867           0.471           0.211           0.884          -0.011           0.170           0.128
1351           0.089           0.052           0.763           0.851           0.815           0.875           0.398           0.229           0.883          -0.029           0.144           0.091
1352           0.071           0.028           0.718           0.812           0.799           0.756           0.495           0.260           0.879          -0.050           0.139           0.142
1353           0.067           0.032           0.762           0.836           0.806           0.863           0.469           0.232           0.880          -0.041           0.160           0.139
1354           0.070           0.017           0.741           0.863           0.793           0.835           0.500           0.248           0.875          -0.053           0.130           0.143
1355           0.070           0.021           0.881           0.746           0.714           0.770           0.249           0.265           0.876          -0.052           0.128           0.143
1356           0.065           0.038           0.750           0.894           0.831           0.831           0.491           0.241           0.877          -0.049           0.148           0.135
1357           0.008          -0.029           0.734           0.844           0.875           0.839           0.486           0.196           0.905          -0.067           0.073           0.193
1358           0.012          -0.044           0.348           0.511           0.491           0.486           0.752           0.233           0.878          -0.033           0.155           0.085
1359           0.035           0.073           0.774           0.836           0.816           0.895           0.462           0.185           0.902          -0.058          -0.024           0.074
1360          -0.054           0.018           0.320           0.516           0.480           0.474           0.941           0.203           0.903           0.044          -0.107          -0.010
1361           0.065           0.116           0.378           0.586           0.548           0.535           0.905           0.188           0.907           0.046          -0.198          -0.123
1362           0.050           0.061           0.304           0.473           0.490           0.483           0.827           0.194           0.919           0.062          -0.004           0.091
1363          -0.063          -0.068           0.324           0.518           0.474           0.479           0.939           0.207           0.900          -0.083          -0.116          -0.059
1364           0.059           0.086           0.285           0.503           0.471           0.459           0.977           0.203           0.927           0.047          -0.026          -0.008
1365           0.082           0.098           0.442           0.551           0.562           0.540           0.778           0.120           0.891          -0.067           0.045           0.169
1366          -0.025          -0.087           0.294           0.497           0.468           0.459           0.922           0.217           0.901           0.003           0.025           0.019
1367           0.004          -0.027           0.302           0.518           0.492           0.489           0.859           0.230           0.841           0.029          -0.037          -0.145
1368           0.039           0.085           0.280           0.257           0.286           0.249           0.390           0.292           0.737           0.115           0.018          -0.088
1369          -0.036           0.013           0.321           0.507           0.478           0.462           0.903           0.203           0.914           0.020           0.036          -0.045
1370          -0.141          -0.163           0.778           0.906           0.832           0.888           0.440           0.190           0.880           0.035           0.086           0.215
1371           0.003           0.077           0.811           0.901           0.859           0.914           0.374           0.222           0.904          -0.044          -0.006           0.112
1372           0.036          -0.017           0.756           0.851           0.825           0.791           0.478           0.247           0.897           0.175           0.029           0.116
1373           0.130           0.144           0.812           0.881           0.843           0.904           0.467           0.221           0.897           0.103           0.010          -0.006
1374          -0.024          -0.020           0.786           0.905           0.827           0.876           0.493           0.234           0.895           0.010           0.006           0.092
1375          -0.060          -0.013           0.921           0.792           0.749           0.816           0.212           0.256           0.900           0.051          -0.037          -0.149
1376           0.004          -0.042           0.789           0.932           0.852           0.869           0.485           0.231           0.901           0.006           0.064          -0.014
1377          -0.009           0.047           0.778           0.883           0.913           0.873           0.447           0.223           0.913           0.087           0.083          -0.015
1378           0.022           0.055           0.334           0.520           0.505           0.486           0.760           0.315           0.858          -0.001           0.050          -0.031
1379           0.071           0.033           0.808           0.880           0.861           0.928           0.395           0.227           0.929           0.067          -0.073          -0.181
1380           0.079           0.126           0.366           0.504           0.457           0.530           0.406           0.281           0.932           0.136          -0.042          -0.091
1381           0.063           0.117           0.391           0.560           0.542           0.614           0.402           0.269           0.914           0.062          -0.051          -0.081
1382           0.127           0.151           0.435           0.507           0.449           0.491           0.438           0.307           0.906           0.008           0.166           0.084
1383          -0.055          -0.009           0.421           0.507           0.485           0.548           0.436           0.250           0.895           0.058           0.068           0.222
1384           0.015          -0.044           0.401           0.533           0.476           0.543           0.449           0.285           0.864          -0.019           0.144           0.229
1385           0.001           0.030           0.505           0.566           0.525           0.606           0.390           0.264           0.906          -0.008          -0.040          -0.003
1386          -0.056          -0.072           0.394           0.550           0.498           0.562           0.447           0.287           0.900           0.004           0.117           0.118
1387           0.067           0.022           0.404           0.496           0.516           0.526           0.431           0.287           0.930          -0.018          -0.018          -0.002
1388           0.024           0.018           0.583           0.629           0.593           0.644           0.345           0.337           0.898           0.037           0.099           0.102
1389          -0.034          -0.013           0.403           0.497           0.484           0.553           0.428           0.264           0.917          -0.031          -0.202          -0.227
1390          -0.002           0.050           0.235           0.424           0.389           0.435           0.325           0.224           0.928           0.019          -0.051          -0.030
1391           0.115           0.089           0.310           0.482           0.460           0.510           0.342           0.218           0.903          -0.042           0.050           0.014
1392          -0.017          -0.025           0.294           0.447           0.379           0.452           0.339           0.238           0.910           0.041           0.179           0.145
1393          -0.012           0.052           0.271           0.422           0.409           0.444           0.360           0.159           0.866           0.029          -0.097          -0.150
1394          -0.009           0.007           0.264           0.454           0.407           0.465           0.362           0.223           0.906          -0.113          -0.100          -0.099
1395           0.112           0.081           0.420           0.502           0.447           0.533           0.336           0.208           0.904           0.145          -0.093          -0.181
1396           0.153           0.180           0.253           0.457           0.418           0.476           0.350           0.227           0.911           0.084           0.067           0.056
1397          -0.049          -0.043           0.271           0.430           0.425           0.455           0.374           0.217           0.911          -0.050           0.010           0.024
1398           0.119           0.096           0.508           0.481           0.472           0.560           0.321           0.291           0.903           0.008           0.009          -0.004
1399          -0.017           0.020           0.278           0.423           0.405           0.439           0.359           0.221           0.902           0.073          -0.004           0.080
1400          -0.052           0.003           0.383           0.513           0.453           0.537           0.426           0.230           0.840          -0.086          -0.126          -0.085
1401          -0.072          -0.085           0.376           0.541           0.525           0.596           0.406           0.296           0.869          -0.105           0.066           0.084
1402           0.046          -0.011           0.426           0.493           0.438           0.478           0.444           0.306           0.905           0.025           0.026          -0.002
1403           0.133           0.166           0.412           0.504           0.477           0.547           0.437           0.224           0.842           0.222          -0.002          -0.015
1404          -0.003          -0.064           0.388           0.526           0.454           0.541           0.459           0.279           0.903          -0.017           0.208           0.056
1405          -0.044           0.008           0.484           0.544           0.504           0.584           0.396           0.265           0.904          -0.013          -0.094          -0.087
1406          -0.040           0.024           0.376           0.537           0.484           0.550           0.444           0.277           0.899          -0.075           0.059           0.103
1407           0.063           0.027           0.411           0.487           0.499           0.518           0.446           0.278           0.909           0.034           0.007           0.114
1408          -0.044          -0.064           0.581           0.616           0.574           0.648           0.336           0.317           0.896           0.000          -0.006           0.106
1409          -0.059          -0.037           0.401           0.475           0.465           0.530           0.418           0.266           0.910           0.044          -0.021          -0.134
1410          -0.080          -0.117           0.354           0.454           0.399           0.480           0.445           0.271           0.901          -0.167          -0.099          -0.154
1411           0.001          -0.002           0.329           0.483           0.459           0.538           0.428           0.250           0.903          -0.120          -0.088          -0.005
1412           0.164           0.170           0.395           0.422           0.377           0.410           0.455           0.269           0.915           0.239          -0.010          -0.001
1413           0.185           0.186           0.379           0.421           0.411           0.472           0.449           0.237           0.912           0.249          -0.009          -0.000
1414           0.188           0.184           0.361           0.449           0.402           0.471           0.467           0.243           0.912           0.253          -0.012           0.005
1415           0.173           0.168           0.422           0.456           0.428           0.504           0.399           0.233           0.914           0.240          -0.006          -0.007
1416           0.188           0.184           0.351           0.461           0.420           0.477           0.460           0.245           0.912           0.260          -0.005           0.018
1417           0.188           0.185           0.381           0.418           0.441           0.455           0.459           0.247           0.913           0.255          -0.004           0.002
1418           0.198           0.204           0.557           0.619           0.558           0.623           0.342           0.286           0.911           0.266           0.019           0.036
1419           0.188           0.185           0.370           0.405           0.405           0.467           0.437           0.229           0.913           0.262           0.013           0.019
1420           0.056           0.120           0.557           0.688           0.625           0.671           0.448           0.250           0.899           0.056          -0.046           0.075
1421          -0.022          -0.061           0.602           0.723           0.658           0.710           0.420           0.249           0.898          -0.056           0.010           0.037
1422          -0.059          -0.024           0.503           0.565           0.551           0.597           0.402           0.203           0.916           0.032           0.018           0.013
1423           0.024          -0.052           0.471           0.558           0.556           0.540           0.433           0.266           0.898           0.160          -0.043          -0.070
1424          -0.011          -0.106           0.340           0.404           0.388           0.373           0.373           0.343           0.877           0.043          -0.011          -0.034
1425           0.093           0.021           0.508           0.622           0.619           0.601           0.368           0.258           0.887           0.101          -0.025          -0.064
1426          -0.073          -0.018           0.540           0.638           0.662           0.637           0.433           0.247           0.904           0.031           0.020           0.034
1427          -0.039           0.013           0.378           0.416           0.416           0.400           0.395           0.311           0.898           0.045          -0.078          -0.067
1428           0.070           0.121           0.577           0.582           0.600           0.596           0.376           0.250           0.901          -0.008           0.002           0.035
1429           0.010          -0.045           0.527           0.650           0.666           0.646           0.501           0.252           0.901           0.100          -0.057          -0.111
1430          -0.087          -0.069           0.539           0.581           0.553           0.557           0.457           0.261           0.904          -0.001          -0.165          -0.087
1431           0.083           0.089           0.470           0.448           0.452           0.489           0.192           0.282           0.833           0.038          -0.054          -0.186
1432           0.056           0.018           0.399           0.472           0.485           0.414           0.308           0.105           0.898           0.010           0.023           0.092
1433           0.026          -0.035           0.455           0.427           0.418           0.440           0.032           0.296           0.784          -0.009           0.077           0.064
1434          -0.069          -0.051           0.319           0.343           0.367           0.356           0.327           0.107           0.743          -0.094          -0.038          -0.074
1435           0.089           0.125           0.411           0.448           0.462           0.467           0.367           0.216           0.901           0.062          -0.043          -0.077
1436          -0.021           0.014           0.529           0.571           0.542           0.545           0.472           0.245           0.903           0.038          -0.048          -0.021
1437          -0.029          -0.027           0.374           0.401           0.423           0.400           0.174           0.185           0.923           0.102          -0.061          -0.145
1438           0.014          -0.006           0.401           0.443           0.492           0.422           0.233           0.112           0.910           0.017          -0.032          -0.028
1439          -0.001           0.084           0.483           0.465           0.449           0.502           0.282           0.241           0.910           0.026          -0.035          -0.112
1440          -0.012           0.048           0.451           0.509           0.462           0.552           0.424           0.229           0.887           0.071          -0.026          -0.038
1441           0.753           0.977           0.396           0.509           0.435           0.517           0.478           0.293           0.902           0.174          -0.003          -0.005
1442           0.746           0.987           0.402           0.420           0.443           0.450           0.453           0.295           0.913           0.203           0.046           0.064
1443           0.751           0.988           0.590           0.618           0.577           0.668           0.388           0.267           0.902           0.181           0.065           0.072
1444           0.755           0.986           0.414           0.441           0.423           0.491           0.453           0.273           0.909           0.187           0.075           0.091
1445           0.171           0.177           0.051           0.063           0.047           0.064           0.010          -0.256          -0.093           0.064           0.078          -0.029
1446          -0.120          -0.086           0.032          -0.110          -0.065          -0.077          -0.009           0.114           0.009           0.032           0.202           0.244
1447           0.021          -0.014          -0.073          -0.092          -0.068          -0.100          -0.150           0.290           0.016           0.048           0.139           0.125
1448          -0.069          -0.051          -0.099          -0.174          -0.098          -0.141          -0.142           0.086           0.097           0.029           0.166           0.217
1449          -0.067          -0.052          -0.109          -0.184          -0.107          -0.151          -0.141           0.056           0.116           0.026           0.167           0.233
1450           0.124           0.153           0.080           0.068           0.095           0.096           0.208           0.126          -0.044          -0.091          -0.042          -0.100
1451           0.120           0.146          -0.011          -0.011           0.005          -0.000           0.195           0.057          -0.050          -0.067          -0.036          -0.115
1452           0.127           0.149          -0.004           0.001           0.023           0.016           0.192           0.062          -0.060          -0.064          -0.036          -0.115
1453           0.128           0.154           0.005           0.010           0.030           0.024           0.197           0.061          -0.053          -0.063          -0.045          -0.120
1454           0.071           0.049          -0.019           0.025          -0.083           0.041           0.190           0.006          -0.175          -0.024          -0.027          -0.033
1455           0.054           0.020           0.201           0.180           0.194           0.202           0.107           0.111           0.026          -0.008          -0.023           0.075
1456           0.055           0.019           0.177           0.183           0.189           0.198           0.108           0.123           0.010          -0.008          -0.018           0.071